<ModOps>
  
    <!-- I use "ModOpContent" whenever possible, to use an already existing text (to save translation work) -->
    
    <!-- clarify that the region, not the session is ment (in vanilla they are named the same -.-) -->
     <!-- some people dont like real-world names like Europe/America.., so we will instead use vanilla names which include "Region:..." -->
      <!-- (using ModOpContent instead of AssetData because AssetData does not work everywhere) -->
    <ModOp Type="replace" Path="/TextExport/Texts/Text[GUID = '5000000']/Text" Content="/TextExport/Texts/Text[GUID = '113322']/Text/text()">
      <Text><ModOpContent /></Text>
    </ModOp>
    <ModOp Type="replace" Path="/TextExport/Texts/Text[GUID = '5000001']/Text" Content="/TextExport/Texts/Text[GUID = '113395']/Text/text()">
      <Text><ModOpContent /></Text>
    </ModOp>
    <ModOp Type="replace" Path="/TextExport/Texts/Text[GUID = '160001']/Text" Content="/TextExport/Texts/Text[GUID = '115487']/Text/text()">
      <Text><ModOpContent /></Text>
    </ModOp>
    <ModOp Type="replace" Path="/TextExport/Texts/Text[GUID = '114327']/Text" Content="/TextExport/Texts/Text[GUID = '129512']/Text/text()">
      <Text><ModOpContent /></Text>
    </ModOp>
    
    
    <!-- imperialen Kontor umbenennen, damit ersichtlich im spiel welcher imperial ist und welcher nicht -->
    <ModOp Type="replace" Path="/TextExport/Texts/Text[GUID = '1010540' or GUID = '101293' or GUID = '112865' or GUID = '114629']/Text">
      <Text>Kleines Imperiales Kontor</Text>
    </ModOp>
    <ModOp Type="replace" Path="/TextExport/Texts/Text[GUID = '100514' or GUID = '101294' or GUID = '112866' or GUID = '114630']/Text">
      <Text>Mittleres Imperiales Kontor</Text>
    </ModOp>
    <ModOp Type="replace" Path="/TextExport/Texts/Text[GUID = '100515' or GUID = '101295' or GUID = '112867' or GUID = '114631']/Text">
      <Text>Großes Imperiales Kontor</Text>
    </ModOp>
    <ModOp Type="replace" Path="/TextExport/Texts/Text[GUID = '269879']/Text">
      <Text>Riesiges Imperiales Kontor</Text>
    </ModOp>
    
    <!-- ############################################### -->
    
    <!-- ItemEffectTargetPool -->
    <!-- more precise naming of pools / translation / fix -->
    
    <!-- translate the pool, original: "all Ships" new: "Alle Schiffe" -->
    <ModOp Type="replace" Path="/TextExport/Texts/Text[GUID = '1512']/Text" Content="/TextExport/Texts/Text[GUID = '191454']/Text/text()">
      <Text><ModOpContent /></Text>
    </ModOp>
    <!-- translate the pool, original: "All Trade Airships" new: "Alle unbewaffneten Luftschiffe" -->
    <ModOp Type="replace" Path="/TextExport/Texts/Text[GUID = '7087']/Text" Content="/TextExport/Texts/Text[GUID = '4147']/Text/text()">
      <Text><ModOpContent /></Text>
    </ModOp>
    
    <!-- vanilla: Alle Kontore -->
    <ModOp Type="replace" Path="/TextExport/Texts/Text[GUID = '191297']/Text[not(contains(.,'[AssetData(5000000) Text]'))]"
      Content="/TextExport/Texts/Text[GUID = '191297']/Text/text()">
      <Text><ModOpContent /> [AssetData(5000000) Text]</Text>
    </ModOp>
    <ModOp Type="replace" Path="/TextExport/Texts/Text[GUID = '191298']/Text[not(contains(.,'[AssetData(5000001) Text]'))]"
      Content="/TextExport/Texts/Text[GUID = '191298']/Text/text()">
      <Text><ModOpContent /> [AssetData(5000001) Text]</Text>
    </ModOp>
    
    <!-- ######################################################## -->
    
    <!-- New Text GUIDS -->
    
    <!-- Add hint to Quest 153176 what it wants you to build -->
    <ModOp Type="add" Path="/TextExport/Texts">
      <Text>
        <GUID>1500005603</GUID>
        <Text>[AssetData(101993) Text] / [AssetData(102015) Text] / [AssetData(101989) Text] / [AssetData(1010479) Text] / [AssetData(100815) Text] / [AssetData(101990) Text] / [AssetData(101991) Text] / [AssetData(101992) Text]</Text>
      </Text>
    </ModOp>
    
    
    <!-- ######################################################## -->
    
    <!-- PlayerCounter Pools -->
     <!-- usually used in Quest Goals, so like "destroy X" or "deliver X", so no "all" in front of it needed -->
    
    
    <!-- translate/replace playercounter pools... original: Context Pool All Farmer Products -->
    <ModOp Type="replace" Path="/TextExport/Texts/Text[GUID = '700052']/Text">
      <Text>Bauern Waren</Text>
    </ModOp>
    <ModOp Type="replace" Path="/TextExport/Texts/Text[GUID = '700053']/Text">
      <Text>Arbeiter Waren</Text>
    </ModOp>
    <ModOp Type="replace" Path="/TextExport/Texts/Text[GUID = '700054']/Text">
      <Text>Handwerker Waren</Text>
    </ModOp>
    <ModOp Type="replace" Path="/TextExport/Texts/Text[GUID = '700139']/Text">
      <Text>Ingenieurs Waren</Text>
    </ModOp>
    
    <!-- add translation for All Pirate Ships PlayerCounterPool -->
    <ModOp Type="replace" Path="/TextExport/Texts/Text[GUID = '700138']">
      <Text>
        <GUID>700138</GUID>
        <Text>Piratenschiffe</Text>
      </Text>
    </ModOp>
    
    <ModOp Type="add" Path="/TextExport/Texts">
      <!-- seems this one has no text entry yet?! add it (does not hurt if added multiple times, the last entry will be used): CP - All PlayerShips -->
      <Text>
        <GUID>700155</GUID>
        <Text>Schiffe von Mitspielern</Text>
      </Text>
    </ModOp>
    
    
    <!-- ################################################################################################################################## -->
    <!-- ################################################################################################################################## -->
    <!-- ################################################################################################################################## -->
    
    <!-- Add here fixes for typos only in this specific language: -->
    
    <!-- ItemEffectTargetPool -->
    <!-- fix typo in german language: original: <Text>Bauern-​Arbeitskaft</Text> -->
    <ModOp Type="replace" Path="/TextExport/Texts/Text[GUID = '1010052']/Text">
      <Text>Bauern-​Arbeitskraft</Text>
    </ModOp>
    <!-- only wrong in german, original: Stadtschwächung (in english correct: tow debuff) -->
    <ModOp Type="replace" Path="/TextExport/Texts/Text[GUID = '6000032']/Text">
      <Text>Abschlepp-Malus</Text>
    </ModOp>
    
    
    
</ModOps>

