{
  "Version": "1.011",
  "ModID": "Community_Patch",
  "IncompatibleIds": null,
  "DeprecateIds": ["Community_Patch_small","Community_Patch_big"],
  "ModDependencies": null,
  "LoadAfterIds": ["*","1_TextBugfixes"],
  "Category": {
    "English": "Fix"
  },
  "ModName": {
    "English": "Community Patch"
  },
  "Description": {
    "English": "Includes many small vanilla Bugfixes and small Quality of Life adjustments. No major game changes. (Unfortunately we can not fix all the bugs still left in the game..)"
  },
  "KnownIssues": [
    {
      "English": null
    }
  ],
  "DLCDependencies": null,
  "CreatorName": "Serp,Taludas,Taubenangriff,Lion053,Kurila,Hier0nimus,Jakob,pnski,Ac3s,Hackner,xn-d,...",
  "CreatorContact": "https://github.com/anno-mods/BugFixes",
  "ModioResourceId": 4346171,
  "changelog": {
    "1.01" : "Add ModioResourceId and changelog to modinfo.json",
    "1.011" : "Release on mod.io"
  }
}