<ModOps>
    

    <!-- Adding GUIDs to various pools they should belong to -->
    <Include File="./Pools.include.xml" />
    <!-- fixing Quests -->
    <Include File="./Quests.include.xml" />


    <!-- Increase the StorageAmount from all Multifactory_Chemical and limit their transporter range to sane amounts -->
      <!-- (at least the Clamp code might be good for nearly every buildings, but we don't want to mess with too many buildings in this bugfix mod, only with the ones where vanilla is critical. Since we dont want to mess with the current build of savegames too much) -->
    <ModOp Type="merge" GUID="132786,132777,135133,133533" Path="/Values/FactoryBase/FactoryInputs/Item" Condition="/Values/FactoryBase/FactoryInputs/Item[StorageAmount&lt;10]">
      <StorageAmount>10</StorageAmount>
    </ModOp>
    <!-- (also done by Taludas_TransporterRange but does not hurt since we use conditions) -->
    <ModOp Type="merge" GUID="132786,132777,135133,133533" Path="/Values/FactoryBase" Condition="/Values/FactoryBase[FactoryOutputs/Item/StorageAmount and not(ClampedMaxTransporterLogisticCost)]">
      <ClampMaxTransporterLogisticCost>1</ClampMaxTransporterLogisticCost>
      <ClampedMaxTransporterLogisticCost>67</ClampedMaxTransporterLogisticCost>
    </ModOp>



    <!-- Add Narrator speach to some sidenotifications -->
    <!-- "problem with your traderoute", GUID 501203 "minor issue" I guess not worth a voiceline -->
    <ModOp Type="merge" GUID="501204" Path="/Values/Notification/NotificationType/Values">
      <NotificationSubtitle>
        <Subtitle>265350</Subtitle>
      </NotificationSubtitle>
    </ModOp>
    

    <!-- fix wrong effect target GUID in vanilla it is a Recipe GUID 25351, while it should be multifactory 25350 (makes item affect Hacienda destilery) -->
    <ModOp Type="replace" GUID="191380" Condition="/Values/ItemEffect/EffectTargets/Item/GUID[text()='25351']" Path="/Values/ItemEffect/EffectTargets/Item/GUID[text()='25351']">
      <GUID>25350</GUID>
    </ModOp>
    
    
  <!-- New Horizon changes the offer from traders, so do not fix the vanilla offering if that mod is loaded -->
  <Group Condition="!#NewHorizons">
    <!-- Aluminium Fix for Sarmento (not offerend in EndGame, but before) -->
    <!-- ProductionPerMinute in LateGame is 4, that is why I chose 5 in EndGame -->
    <ModOp Type='add' GUID='29' Path='/Values/Trader/Progression/EndGame/OfferingGoods/Item[1]/GoodSets' 
        Condition="!/Values/Trader/Progression/EndGame/OfferingGoods/Item[1]/GoodSets/Item[Good='838']">
       <Item>
        <Good>838</Good>
       </Item>
    </ModOp>
    <ModOp Type='replace' GUID='29' 
      Condition='/Values/Trader/Progression/EndGame/GoodsProduction/Item[Good="838"]'
      Path='/Values/Trader/Progression/EndGame/GoodsProduction/Item[Good="838"]/ProductionPerMinute'>
        <ProductionPerMinute>5</ProductionPerMinute>
    </ModOp>
    <ModOp Type='add' GUID='29' Path='/Values/Trader/Progression/EndGame/GoodsProduction'
      Condition="!/Values/Trader/Progression/EndGame/GoodsProduction/Item[Good='838']">
        <Item>
          <Good>838</Good>
          <ProductionPerMinute>5</ProductionPerMinute>
        </Item>
    </ModOp>
    
    
    <!-- Bauxit Fix for Archibald (not offerend in EndGame, but before) -->
    <!-- ProductionPerMinute in LateGame is 2, that is why I chose 3 in EndGame -->
    <ModOp Type='add' GUID='45' Path='/Values/Trader/Progression/EndGame/OfferingGoods/Item[1]/GoodSets' 
        Condition="!/Values/Trader/Progression/EndGame/OfferingGoods/Item[1]/GoodSets/Item[Good='836']">
       <Item>
        <Good>836</Good>
       </Item>
    </ModOp>
    <ModOp Type='replace' GUID='45' 
      Condition='/Values/Trader/Progression/EndGame/GoodsProduction/Item[Good="836"]'
      Path='/Values/Trader/Progression/EndGame/GoodsProduction/Item[Good="836"]/ProductionPerMinute'>
        <ProductionPerMinute>3</ProductionPerMinute>
    </ModOp>
    <ModOp Type='add' GUID='45' Path='/Values/Trader/Progression/EndGame/GoodsProduction'
      Condition="!/Values/Trader/Progression/EndGame/GoodsProduction/Item[Good='836']">
        <Item>
          <Good>836</Good>
          <ProductionPerMinute>3</ProductionPerMinute>
        </Item>
    </ModOp>
  </Group>
  
  <!-- Archibald has ShipsForSale in EarlyGame/EarlyMidGame defined, but not ShipsForSaleAmount=1, while on MidGame it gets ShipsForSaleAmount=2 and ALL other ship traders have ShipsForSaleAmount=1 for these EarlyGames. So I consider this a bugfix -->
  <!-- Using condition to make sure the value was not defined already by another mod, to not overwrite intential changes to other values from other mods -->
  <ModOp Type="merge" GUID='45' Condition="/Values/Trader/Progression/EarlyGame[not(ShipsForSaleAmount)]" Path="/Values/Trader/Progression/EarlyGame">  
    <ShipsForSaleAmount>1</ShipsForSaleAmount>
  </ModOp>
  <ModOp Type="merge" GUID='45' Condition="/Values/Trader/Progression/EarlyMidGame[not(ShipsForSaleAmount)]" Path="/Values/Trader/Progression/EarlyMidGame">  
    <ShipsForSaleAmount>1</ShipsForSaleAmount>
  </ModOp>
  
  <!-- add royal liner 102427 to ShipsForSale from Harlow, if it is in LateMidGame and not yet in later progresslevels -->
  <ModOp Type="add" GUID='73' Path="/Values/Trader/Progression/LateGame/ShipsForSale" Condition="/Values/Trader/Progression[(LateMidGame/ShipsForSale/Item/ShipAsset='102427') and not(LateGame/ShipsForSale/Item/ShipAsset='102427')]">  
    <Item>
      <ShipAsset>102427</ShipAsset>
      <Weight>1</Weight>
    </Item>
  </ModOp>
  <ModOp Type="add" GUID='73' Path="/Values/Trader/Progression/EndGame/ShipsForSale" Condition="/Values/Trader/Progression[(LateMidGame/ShipsForSale/Item/ShipAsset='102427') and not(EndGame/ShipsForSale/Item/ShipAsset='102427')]">  
    <Item>
      <ShipAsset>102427</ShipAsset>
      <Weight>1</Weight>
    </Item>
  </ModOp>
  
   
    <!-- airship Bombs: allow unrestricted targetting for QoL, to better be able to target harbourbuildings partly standing on land (this change alone does not make other buildings on land take damage) -->
    <ModOp Type="replace" GUID="846" Path="/Values/BombardmentAmmo/TargetMode">
        <TargetMode>1013</TargetMode> <!-- 1013 = unrestricted dropping, player can now also bomb on land just like AI can --> <!-- original = 456 -->
    </ModOp>
   
    
    <!-- by "xn-d", vanilla uses flamethrower sound currently for armor piercing gun 3702 -->
    <!-- Use for Launch: harbor gun sound (vanilla 203892 wwe_sfx_com_flame_thrower_launch_os)-->
	  <!-- Use for Impact: 235844 big betty explosion sound .. exchanged for 235848 wwe_sfx_com_big_single_impact_os because it may fit better -->
    <!-- add empty tables first, if there are non yet, so we can use replace below -->
    <ModOp Type="merge" GUID='3702' Path="/Values">
      <SoundEmitter>
        <ProjectileSounds>
          <ProjectileLaunch />
          <ProjectileImpact />
        </ProjectileSounds>
      </SoundEmitter>
    </ModOp>
    <ModOp Type="replace" GUID='3702' Path="/Values/SoundEmitter/ProjectileSounds/ProjectileLaunch" 
      Condition="/Values/SoundEmitter/ProjectileSounds/ProjectileLaunch[text()='203892']">
      <ProjectileLaunch>
        <Item>
          <Sound>235853</Sound>
        </Item>
      </ProjectileLaunch>
    </ModOp>
    <ModOp Type="replace" GUID='3702' Path="/Values/SoundEmitter/ProjectileSounds/ProjectileImpact">
      <ProjectileImpact>
        <Item>
          <Sound>235848</Sound> 
        </Item>
      </ProjectileImpact>
    </ModOp>
    
    <!-- fix the gender perk for 125129 -->
    <ModOp Type="merge" GUID="125129" Path="/Values/ExpeditionAttribute/ExpeditionAttributes/Item[Attribute='PerkFemale']"
      Condition="/Values/ExpeditionAttribute/ExpeditionAttributes/Item[Attribute='PerkFemale']">
      <Attribute>PerkMale</Attribute>
    </ModOp>
    
    
    <!-- 1966 "DungCollector Enbesa" uses a deprectated property OutputAmountFactorUpgrade, trying to reduce the output by -5%. -->
      <!-- To make it work we replace it with ProductivityUpgrade -->
       <!-- see Item 1964 "DungCollector Moderate" as comparisaon how it is meant to be -->
    <ModOp Type="remove" GUID="1966" Path="/Values/FactoryUpgrade/OutputAmountFactorUpgrade"
      Condition="/Values/FactoryUpgrade/OutputAmountFactorUpgrade">
    </ModOp>
    <ModOp Type="merge" GUID="1966" Path="/Values/FactoryUpgrade"
      Condition="!/Values/FactoryUpgrade/ProductivityUpgrade">
        <ProductivityUpgrade>
          <Value>-5</Value>
          <Percental>1</Percental>
        </ProductivityUpgrade>
    </ModOp>
    
    
    
    <!-- from Ac3s, vanilla has normal crossing street 117786 here -->
    <ModOp Type="merge" GUID="141032" Path="/Values/GlobalConstructionAIBalancing/RegionStreets/Africa"
      Condition="/Values/GlobalConstructionAIBalancing/RegionStreets/Africa/Crossing_Pipe_StreetFast[text()='117786']">
      <Crossing_Pipe_StreetFast>127913</Crossing_Pipe_StreetFast>
    </ModOp>
    
    
    
    
    
    <!-- ######################################## -->
    
    
    <!-- Fix production region for electric cables to be shown in the correct tab in trade menu screen (Intermediate + NW) -->
    <ModOp Type="addNextSibling" GUID="6280" Path="/Values/Product/ProductionRegions/Item[RegionType='Moderate']" Condition="!/Values/Product/ProductionRegions/Item[RegionType='Colony01']">
        <Item>
          <RegionType>Colony01</RegionType>
        </Item>
    </ModOp>
    
    
    <!-- ###################################### -->
    
    <!-- make the VehicleBuff 191305 (slow down when hit by pucklegun) work on all ships (in vanilla it misses EffectTargets, so does not affect any ship) -->
    <!-- The description of the PuckleGun include that is slows ships and the projectile from the gun has this debuff, but still in vanilla it does not apply to any ship. So I think this is for sure a bug -->
    <!-- also other projectile buffs like chainshots/anarchy flag shots do not work (anymore?) in vanilla, since they have no targets defined -->
    <!-- Only adding the EffectTargets if no other mod already added it, to not mess with their target intentions -->
    <ModOp Type="add" GUID="191305,192003,110957,191954,191953,191614,6000032" Path="/Values/ItemEffect" Condition="!/Values/ItemEffect/EffectTargets">
      <EffectTargets>
        <Item>
          <GUID>1512</GUID>
        </Item>
      </EffectTargets>
    </ModOp>
    
    <!-- make the flamethrower items to actually cause fire (like mentioned in description) and be more efficient against wodden ships. also affects the pyro ships from campagin -->
      <!-- load before this bugfix mod and add 1398 to Effectivities to balance it (it has * in loadafter so all conditions can prevent double executions). They are already less than typical vanilla though -->
    <ModOp Type="merge" GUID="102405" Path="/Values">
      <Projectile>
        <Effectivities />
      </Projectile>
    </ModOp>
    <ModOp Type="add" GUID="102405" Path="/Values/Projectile/Effectivities" Condition="!/Values/Projectile/Effectivities/Item[GUID='1398']">
      <Item>
        <GUID>1398</GUID>
        <Factor>3.0</Factor>
      </Item>
      <Item>
        <GUID>1404</GUID>
        <Factor>0.85</Factor>
      </Item>
    </ModOp>
    <ModOp Type="merge" GUID="102405" Path="/Values/ProjectileIncident" Condition="!/Values/ProjectileIncident[CausedIncident='Fire']">
      <CausedIncident>Fire</CausedIncident>
      <CausedIncidentBuff>192004</CausedIncidentBuff>
      <CausedIncidentDuration>60000</CausedIncidentDuration>
    </ModOp>
    <!-- also add it for all other fire projectiles? -->
    <!-- <ModOp Type="merge" GUID="111134,1892,628" Path="/Values/ProjectileIncident" Condition="!/Values/ProjectileIncident[CausedIncident='Fire']"> -->
      <!-- <CausedIncident>Fire</CausedIncident> -->
      <!-- <CausedIncidentBuff>192004</CausedIncidentBuff> -->
      <!-- <CausedIncidentDuration>60000</CausedIncidentDuration> -->
    <!-- </ModOp> -->
    
    
    


</ModOps>