<ModOps>
    

    <!-- TODO: -->
    <!-- test if hacienda and its buildings are affected by optimization influece buff. -->
     <!-- if not add them to <GUID>368</GUID> <Name>all buildings with maintenance DLC11</Name> -->
      <!-- 2534 hacienda upkeep buildings -->
       <!-- hacienda : 24768 -->
    
    


    <!-- Adding GUIDs to various pools they should belong to -->

  
    <!-- add arctic kontors to 193897 "all kontors EU &amp; SA + Africa", because it makes no sense to not allow item effects for arctic kontor -->
   <!-- this also adds them automatically to "193986 all military units NEW", "193480 all loading time buildings", "191508 all harbour buildings" and "193897 all kontors and piers"  -->
   <ModOp Type="add" GUID='190797' Path="/Values/ItemEffectTargetPool/EffectTargetGUIDs"
    Condition="!/Values/ItemEffectTargetPool/EffectTargetGUIDs/Item[GUID='112659']">
      <Item>
        <GUID>112659</GUID>
      </Item>
      <Item>
        <GUID>112660</GUID>
      </Item>
      <Item>
        <GUID>112661</GUID>
      </Item>
      <Item>
        <GUID>112865</GUID>
      </Item>
      <Item>
        <GUID>112866</GUID>
      </Item>
      <Item>
        <GUID>112867</GUID>
      </Item>
      
      <!-- Air cliff kontors.. maybe better not adding them, since they behave a bit different? -->
      <!-- <Item> -->
        <!-- <GUID>112726</GUID> -->
      <!-- </Item> -->
      <!-- <Item> -->
        <!-- <GUID>116003</GUID> -->
      <!-- </Item> -->
      <!-- <Item> -->
        <!-- <GUID>116004</GUID> -->
      <!-- </Item> -->
    </ModOp>
  
    <!-- add palace to attracitivy culture effect -->
    <ModOp Type="add" GUID="193666" Path="/Values/ItemEffectTargetPool/EffectTargetGUIDs"
      Condition="!/Values/ItemEffectTargetPool/EffectTargetGUIDs/Item[GUID='249947']">
      <Item>
        <GUID>249947</GUID>
      </Item>
    </ModOp>
    
    <!-- Add missing to all production except powerplant (should not be a problem if duplicated) -->
  <ModOp GUID="193856" Type="add" Path="/Values/ItemEffectTargetPool/EffectTargetGUIDs">
      <Item>
		<GUID>134619</GUID> <!-- Multifactory_Assembly_Blank -->
      </Item>
      <Item>
		<GUID>134622</GUID> <!-- Multifactory_Assembly_Elevator -->
      </Item>
      <Item>
		<GUID>135361</GUID> <!-- Multifactory_Assembly_Cookies -->
      </Item>
      <Item>
		<GUID>135148</GUID> <!-- Multifactory_Assembly_Typewriter -->
      </Item>
      <Item>
		<GUID>135295</GUID> <!-- Multifactory_Manufacturer_Blank -->
      </Item>
      <Item>
		<GUID>135418</GUID> <!-- Multifactory_Manufacturer_Cognac -->
      </Item>
      <Item>
		<GUID>135397</GUID> <!-- Multifactory_Manufacturer_Violin -->
      </Item>
      <Item>
		<GUID>135407</GUID> <!-- Multifactory_Manufacturer_Billiard -->
      </Item>
      <Item>
		<GUID>135669</GUID> <!-- Multifactory_Manufacturer_Toys -->
      </Item>
  </ModOp>
  
  
    <!-- Missing Unlocks from some goods (adding them to the same AssetPool as their factory) -->
    <!-- Jalea -->
    <ModOp Type="add" GUID='5802' Path="/Values/AssetPool/AssetList"
      Condition="!~/Values/AssetPool/AssetList/Item[Asset='5381']">
      <Item>
        <Asset>5381</Asset>
      </Item>
    </ModOp>
    

    <!-- adding Oil Refinery and Bauxitmine and Helium Extractor to the pool buildings with maintenances: -->
    <ModOp Type="add" GUID='368' Path="/Values/ItemEffectTargetPool/EffectTargetGUIDs"
      Condition="!/Values/ItemEffectTargetPool/EffectTargetGUIDs/Item[GUID='101331']">
      <Item>
        <GUID>101331</GUID>
      </Item>
    </ModOp>
    <ModOp Type="add" GUID='368' Path="/Values/ItemEffectTargetPool/EffectTargetGUIDs"
      Condition="!/Values/ItemEffectTargetPool/EffectTargetGUIDs/Item[GUID='1308']">
      <Item>
        <GUID>1308</GUID>
      </Item>
    </ModOp>
    <ModOp Type="add" GUID='368' Path="/Values/ItemEffectTargetPool/EffectTargetGUIDs"
      Condition="!/Values/ItemEffectTargetPool/EffectTargetGUIDs/Item[GUID='1353']">
      <Item>
        <GUID>1353</GUID>
      </Item>
    </ModOp>
   
    <!-- Add arctic canon gun to the "all military buildings" effectpool -->
    <ModOp Type="add" GUID='191443' Path="/Values/ItemEffectTargetPool/EffectTargetGUIDs"
      Condition="!/Values/ItemEffectTargetPool/EffectTargetGUIDs/Item[GUID='112671']">
      <Item>
        <GUID>112671</GUID>
      </Item>
    </ModOp>
    
    <!-- Add flagship to All Wooden-Hulled Ships 1398, so it is automatically also included in all ships for combat effects 1512 -->
    <ModOp Type="add" GUID='1398' Path="/Values/ItemEffectTargetPool/EffectTargetGUIDs"
      Condition="!/Values/ItemEffectTargetPool/EffectTargetGUIDs/Item[GUID='101121']">
      <Item>
        <GUID>101121</GUID>
      </Item>
    </ModOp>
    
    <!-- FlakMonitor to All Metal-Hulled Ships -->
    <ModOp Type="add" GUID='1404' Path="/Values/ItemEffectTargetPool/EffectTargetGUIDs"
      Condition="!/Values/ItemEffectTargetPool/EffectTargetGUIDs/Item[GUID='720']">
      <Item>
        <GUID>720</GUID>
      </Item>
    </ModOp>
    
    <!-- FlakMonitor and Fire Monitor to All PlayerShips -->
    <!-- And adding all "sale" ships you can buy -->
    <!-- TODO: -->
     <!-- assetpools playercounter pool die zb alle miltiärschiffe enthalten sollen,  -->
      <!-- stattdessen von en itemeffectpools abkopieren lassen (und davor sicherstellen, dass diese vollständig sind) -->
       <!-- denn sowohl spiel als auch modder legen mehr wert darauf, dass diese effectpools vollständig sind, als andere pools -->
     <!-- effectpool 191454 ist auch ziemlich unvollsätndig... -->
    <!-- Am besten manuell alle vanilla schiffe zufügen -->
    
    <ModOp Type="remove" GUID='700151,270174' Path="/Values/AssetPool/AssetList/Item[Probability=720]" Condition="/Values/AssetPool/AssetList/Item[Probability=720]"/>
    
    <ModOp Type="add" GUID='700151' Path="/Values/AssetPool/AssetList"
      Condition="!~/Values/AssetPool/AssetList/Item[Asset='720']">
      <Item>
        <Asset>720</Asset>
      </Item>
    </ModOp>
    <ModOp Type="add" GUID='700155,119965' Path="/Values/PlayerCounterContextPool/Contexts"
      Condition="!~/Values/PlayerCounterContextPool/Contexts/Item[Asset='720']">
      <Item>
        <Asset>720</Asset>
      </Item>
    </ModOp>
    <ModOp Type="add" GUID='700151' Path="/Values/AssetPool/AssetList"
      Condition="!~/Values/AssetPool/AssetList/Item[Asset='968']">
      <Item>
        <Asset>968</Asset>
      </Item>
    </ModOp>
    <ModOp Type="add" GUID='700155,119965' Path="/Values/PlayerCounterContextPool/Contexts"
      Condition="!~/Values/PlayerCounterContextPool/Contexts/Item[Asset='968']">
      <Item>
        <Asset>968</Asset>
      </Item>
    </ModOp>
    <ModOp Type="add" GUID='700151' Path="/Values/AssetPool/AssetList"
      Condition="!~/Values/AssetPool/AssetList/Item[Asset='102427']">
      <Item>
        <Asset>102427</Asset>
      </Item>
    </ModOp>
    <ModOp Type="add" GUID='700155,119965' Path="/Values/PlayerCounterContextPool/Contexts"
      Condition="!~/Values/PlayerCounterContextPool/Contexts/Item[Asset='102427']">
      <Item>
        <Asset>102427</Asset>
      </Item>
    </ModOp>
    <ModOp Type="add" GUID='700151' Path="/Values/AssetPool/AssetList"
      Condition="!~/Values/AssetPool/AssetList/Item[Asset='102420']">
      <Item>
        <Asset>102420</Asset>
      </Item>
    </ModOp>
    <ModOp Type="add" GUID='700155,119965' Path="/Values/PlayerCounterContextPool/Contexts"
      Condition="!~/Values/PlayerCounterContextPool/Contexts/Item[Asset='102420']">
      <Item>
        <Asset>102420</Asset>
      </Item>
    </ModOp>
    <ModOp Type="add" GUID='700151' Path="/Values/AssetPool/AssetList"
      Condition="!~/Values/AssetPool/AssetList/Item[Asset='102421']">
      <Item>
        <Asset>102421</Asset>
      </Item>
    </ModOp>
    <ModOp Type="add" GUID='700155,119965' Path="/Values/PlayerCounterContextPool/Contexts"
      Condition="!~/Values/PlayerCounterContextPool/Contexts/Item[Asset='102421']">
      <Item>
        <Asset>102421</Asset>
      </Item>
    </ModOp>
    <ModOp Type="add" GUID='700151' Path="/Values/AssetPool/AssetList"
      Condition="!~/Values/AssetPool/AssetList/Item[Asset='102419']">
      <Item>
        <Asset>102419</Asset>
      </Item>
    </ModOp>
    <ModOp Type="add" GUID='700155,119965' Path="/Values/PlayerCounterContextPool/Contexts"
      Condition="!~/Values/PlayerCounterContextPool/Contexts/Item[Asset='102419']">
      <Item>
        <Asset>102419</Asset>
      </Item>
    </ModOp>
    <ModOp Type="add" GUID='700151' Path="/Values/AssetPool/AssetList"
      Condition="!~/Values/AssetPool/AssetList/Item[Asset='102422']">
      <Item>
        <Asset>102422</Asset>
      </Item>
    </ModOp>
    <ModOp Type="add" GUID='700155,119965' Path="/Values/PlayerCounterContextPool/Contexts"
      Condition="!~/Values/PlayerCounterContextPool/Contexts/Item[Asset='102422']">
      <Item>
        <Asset>102422</Asset>
      </Item>
    </ModOp>
    <ModOp Type="add" GUID='700151' Path="/Values/AssetPool/AssetList"
      Condition="!~/Values/AssetPool/AssetList/Item[Asset='102423']">
      <Item>
        <Asset>102423</Asset>
      </Item>
    </ModOp>
    <ModOp Type="add" GUID='700155,119965' Path="/Values/PlayerCounterContextPool/Contexts"
      Condition="!~/Values/PlayerCounterContextPool/Contexts/Item[Asset='102423']">
      <Item>
        <Asset>102423</Asset>
      </Item>
    </ModOp>
    <ModOp Type="add" GUID='700151' Path="/Values/AssetPool/AssetList"
      Condition="!~/Values/AssetPool/AssetList/Item[Asset='102455']">
      <Item>
        <Asset>102455</Asset>
      </Item>
    </ModOp>
    <ModOp Type="add" GUID='700155,119965' Path="/Values/PlayerCounterContextPool/Contexts"
      Condition="!~/Values/PlayerCounterContextPool/Contexts/Item[Asset='102455']">
      <Item>
        <Asset>102455</Asset>
      </Item>
    </ModOp>
    <ModOp Type="add" GUID='700151' Path="/Values/AssetPool/AssetList"
      Condition="!~/Values/AssetPool/AssetList/Item[Asset='102428']">
      <Item>
        <Asset>102428</Asset>
      </Item>
    </ModOp>
    <ModOp Type="add" GUID='700155,119965' Path="/Values/PlayerCounterContextPool/Contexts"
      Condition="!~/Values/PlayerCounterContextPool/Contexts/Item[Asset='102428']">
      <Item>
        <Asset>102428</Asset>
      </Item>
    </ModOp>
    <ModOp Type="add" GUID='700151' Path="/Values/AssetPool/AssetList"
      Condition="!~/Values/AssetPool/AssetList/Item[Asset='102425']">
      <Item>
        <Asset>102425</Asset>
      </Item>
    </ModOp>
    <ModOp Type="add" GUID='700155,119965' Path="/Values/PlayerCounterContextPool/Contexts"
      Condition="!~/Values/PlayerCounterContextPool/Contexts/Item[Asset='102425']">
      <Item>
        <Asset>102425</Asset>
      </Item>
    </ModOp>
    <ModOp Type="add" GUID='700151' Path="/Values/AssetPool/AssetList"
      Condition="!~/Values/AssetPool/AssetList/Item[Asset='1537']">
      <Item>
        <Asset>1537</Asset>
      </Item>
    </ModOp>
    <ModOp Type="add" GUID='700155,119965' Path="/Values/PlayerCounterContextPool/Contexts"
      Condition="!~/Values/PlayerCounterContextPool/Contexts/Item[Asset='1537']">
      <Item>
        <Asset>1537</Asset>
      </Item>
    </ModOp>
    
    
    <!-- Add Passage Airship (Trade) to All AirShips -->
    <ModOp Type="add" GUID='102492' Path="/Values/ItemEffectTargetPool/EffectTargetGUIDs"
      Condition="!/Values/ItemEffectTargetPool/EffectTargetGUIDs/Item[GUID='114166']">
      <Item>
        <GUID>114166</GUID>
      </Item>
    </ModOp>
    
    
    <!-- ############################################ -->


    <!-- Fix from nyk/Pnski https://github.com/Pnski . Adds missing products to the market overview (in this case Enbesa) -->
    <ModOp Type="add" GUID='122362' Path="/Values/ProductStorageList/ProductList"
      Condition="!/Values/ProductStorageList/ProductList/Item[Product='133183']">
        <Item>
          <Product>133183</Product>
        </Item>
    </ModOp>
    <ModOp Type="add" GUID='122362' Path="/Values/ProductStorageList/ProductList"
      Condition="!/Values/ProductStorageList/ProductList/Item[Product='25506']">
        <Item>
          <Product>25506</Product>
        </Item>
    </ModOp>
    <ModOp Type="add" GUID='122362' Path="/Values/ProductStorageList/ProductList"
      Condition="!/Values/ProductStorageList/ProductList/Item[Product='1010217']">
        <Item>
          <Product>1010217</Product>
        </Item>
    </ModOp>
    <ModOp Type="add" GUID='122362' Path="/Values/ProductStorageList/ProductList"
      Condition="!/Values/ProductStorageList/ProductList/Item[Product='1010203']">
        <Item>
          <Product>1010203</Product>
        </Item>
    </ModOp>
    
    
    <!-- Kurila: "In der 120059 (ArcticMarketPlaceStorageList) fehlen die einträge für 25506 (Chilisoße) und 6600 (Mezcal). -->
      <!-- Aber die werden als Lifestyle von der aktischen bevölkerung verbraucht. Aber da sie in der liste fehlen werden sie nicht im UI der Kantine angezeigt." -->
    <ModOp Type="add" GUID='120059' Path="/Values/ProductStorageList/ProductList"
      Condition="!/Values/ProductStorageList/ProductList/Item[Product='25506']">
        <Item>
          <Product>25506</Product>
        </Item>
    </ModOp>
    <ModOp Type="add" GUID='120059' Path="/Values/ProductStorageList/ProductList"
      Condition="!/Values/ProductStorageList/ProductList/Item[Product='6600']">
        <Item>
          <Product>6600</Product>
        </Item>
    </ModOp>
    
    
    <!-- from Lion053, fixing several product lists -->
    
    <!-- adding the ArtistaUnlockGoods List to GUID 502220 (AllGoodsUnlock_EuropeSort_WithoutOil_WithoutScrap), because it also includes ObreroUnlockGoods and this fixes the issue of missing Artista goods displayed in the docklands export menu with filter "All Goods"  -->
    <ModOp Type="addNextSibling" GUID="502220" Path="/Values/ProductList/List/Item[Product='502023']" Condition="!/Values/ProductList/List/Item[Product='7397']">
      <Item>
        <Product>7397</Product>
      </Item>
    </ModOp>
    
    <!-- Add soccer balls to ArtistaUnlockGoods -->
    <ModOp Type="addNextSibling" GUID="7397" Path="/Values/ProductList/List/Item[Product='5382']" Condition="!/Values/ProductList/List/Item[Product='5803']">
      <Item>
        <Product>5803</Product>
      </Item>
    </ModOp>
    
    <!-- Remove DLC12 ArtistaUnlockGoods from ObreroUnlockGoods -->
    <ModOp Type="remove" GUID="502023" Condition="/Values/ProductList/List/Item[Product='5383']" Path="/Values/ProductList/List/Item[Product='5383']"/>
    <ModOp Type="remove" GUID="502023" Condition="/Values/ProductList/List/Item[Product='5384']" Path="/Values/ProductList/List/Item[Product='5384']"/>
    <ModOp Type="remove" GUID="502023" Condition="/Values/ProductList/List/Item[Product='5401']" Path="/Values/ProductList/List/Item[Product='5401']"/>
    <ModOp Type="remove" GUID="502023" Condition="/Values/ProductList/List/Item[Product='5385']" Path="/Values/ProductList/List/Item[Product='5385']"/>
    <ModOp Type="remove" GUID="502023" Condition="/Values/ProductList/List/Item[Product='5386']" Path="/Values/ProductList/List/Item[Product='5386']"/>
    <ModOp Type="remove" GUID="502023" Condition="/Values/ProductList/List/Item[Product='5380']" Path="/Values/ProductList/List/Item[Product='5380']"/>
    <ModOp Type="remove" GUID="502023" Condition="/Values/ProductList/List/Item[Product='5395']" Path="/Values/ProductList/List/Item[Product='5395']"/>
    <ModOp Type="remove" GUID="502023" Condition="/Values/ProductList/List/Item[Product='5381']" Path="/Values/ProductList/List/Item[Product='5381']"/>
    <ModOp Type="remove" GUID="502023" Condition="/Values/ProductList/List/Item[Product='5382']" Path="/Values/ProductList/List/Item[Product='5382']"/>
    <ModOp Type="remove" GUID="502023" Condition="/Values/ProductList/List/Item[Product='5389']" Path="/Values/ProductList/List/Item[Product='5389']"/>
    <ModOp Type="remove" GUID="502023" Condition="/Values/ProductList/List/Item[Product='5388']" Path="/Values/ProductList/List/Item[Product='5388']"/>
    <ModOp Type="remove" GUID="502023" Condition="/Values/ProductList/List/Item[Product='5400']" Path="/Values/ProductList/List/Item[Product='5400']"/>
    <ModOp Type="remove" GUID="502023" Condition="/Values/ProductList/List/Item[Product='5390']" Path="/Values/ProductList/List/Item[Product='5390']"/>
    <ModOp Type="remove" GUID="502023" Condition="/Values/ProductList/List/Item[Product='5391']" Path="/Values/ProductList/List/Item[Product='5391']"/>
    <ModOp Type="remove" GUID="502023" Condition="/Values/ProductList/List/Item[Product='5392']" Path="/Values/ProductList/List/Item[Product='5392']"/>
    <ModOp Type="remove" GUID="502023" Condition="/Values/ProductList/List/Item[Product='5803']" Path="/Values/ProductList/List/Item[Product='5803']"/>
    
   

    <!-- following is missing in vanilla WorkforceGoods ProductLists:   -->
    <!-- Bauern ['1010200'] -->
    <!-- Jornaleros ['850', '5394', '1414', '847', '1010196', '848', '1010226', '846', '24808', '5380', '1010256', '836', '5384', '120008', '1010227', '849', '5386', '5383', '5803'] -->
    <!-- Entdecker [] -->
    <!-- Arbeiter ['850', '848', '849', '135229', '135230', '846', '134623', '847'] -->
    <!-- Obreros ['5393', '1010219', '135150', '838', '135186', '5392', '5390', '1010239', '840', '5398', '1010242', '135130'] -->
    <!-- Hirten ['114369', '114370', '118728', '114368'] -->
    <!-- Handwerker ['135233', '135234', '135231', '135232'] -->
    <!-- Artistas ['1010206'] -->
    <!-- Ingenieure ['135129', '1010257', '1010240', '120032', '1010249'] -->
    <!-- Techniker [] -->
    <!-- Älteste [] -->
    
    <!-- add Fish 1010200 to products list FarmerWorkforceGoods 502004 -->
    <ModOp Type = "add" GUID = '502004' Path = "/Values/ProductList/List"
      Condition="!/Values/ProductList/List/Item[Product='1010200']">
      <Item>
        <Product>1010200</Product>
      </Item>
    </ModOp>
    
    <!-- add Elevators 134623 to products list WorkerWorkforceGoods 502005 -->
    <ModOp Type = "add" GUID = '502005' Path = "/Values/ProductList/List"
      Condition="!/Values/ProductList/List/Item[Product='134623']">
      <Item>
        <Product>134623</Product>
      </Item>
    </ModOp>
    <!-- add 850 to products list WorkerWorkforceGoods 502005 -->
    <ModOp Type = "add" GUID = '502005' Path = "/Values/ProductList/List"
      Condition="!/Values/ProductList/List/Item[Product='850']">
      <Item>
        <Product>850</Product>
      </Item>
    </ModOp>
    <!-- add 848 to products list WorkerWorkforceGoods 502005 -->
    <ModOp Type = "add" GUID = '502005' Path = "/Values/ProductList/List"
      Condition="!/Values/ProductList/List/Item[Product='848']">
      <Item>
        <Product>848</Product>
      </Item>
    </ModOp>
    <!-- add 849 to products list WorkerWorkforceGoods 502005 -->
    <ModOp Type = "add" GUID = '502005' Path = "/Values/ProductList/List"
      Condition="!/Values/ProductList/List/Item[Product='849']">
      <Item>
        <Product>849</Product>
      </Item>
    </ModOp>
    <!-- add 135229 to products list WorkerWorkforceGoods 502005 -->
    <ModOp Type = "add" GUID = '502005' Path = "/Values/ProductList/List"
      Condition="!/Values/ProductList/List/Item[Product='135229']">
      <Item>
        <Product>135229</Product>
      </Item>
    </ModOp>
    <!-- add 135230 to products list WorkerWorkforceGoods 502005 -->
    <ModOp Type = "add" GUID = '502005' Path = "/Values/ProductList/List"
      Condition="!/Values/ProductList/List/Item[Product='135230']">
      <Item>
        <Product>135230</Product>
      </Item>
    </ModOp>
    <!-- add 846 to products list WorkerWorkforceGoods 502005 -->
    <ModOp Type = "add" GUID = '502005' Path = "/Values/ProductList/List"
      Condition="!/Values/ProductList/List/Item[Product='846']">
      <Item>
        <Product>846</Product>
      </Item>
    </ModOp>
    <!-- add 847 to products list WorkerWorkforceGoods 502005 -->
    <ModOp Type = "add" GUID = '502005' Path = "/Values/ProductList/List"
      Condition="!/Values/ProductList/List/Item[Product='847']">
      <Item>
        <Product>847</Product>
      </Item>
    </ModOp>
    
    <!-- add 135233 to products list ArtisanWorkforceGoods 502006 -->
    <ModOp Type = "add" GUID = '502006' Path = "/Values/ProductList/List"
      Condition="!/Values/ProductList/List/Item[Product='135233']">
      <Item>
        <Product>135233</Product>
      </Item>
    </ModOp>
    <!-- add 135234 to products list ArtisanWorkforceGoods 502006 -->
    <ModOp Type = "add" GUID = '502006' Path = "/Values/ProductList/List"
      Condition="!/Values/ProductList/List/Item[Product='135234']">
      <Item>
        <Product>135234</Product>
      </Item>
    </ModOp>
    <!-- add 135231 to products list ArtisanWorkforceGoods 502006 -->
    <ModOp Type = "add" GUID = '502006' Path = "/Values/ProductList/List"
      Condition="!/Values/ProductList/List/Item[Product='135231']">
      <Item>
        <Product>135231</Product>
      </Item>
    </ModOp>
    <!-- add 135232 to products list ArtisanWorkforceGoods 502006 -->
    <ModOp Type = "add" GUID = '502006' Path = "/Values/ProductList/List"
      Condition="!/Values/ProductList/List/Item[Product='135232']">
      <Item>
        <Product>135232</Product>
      </Item>
    </ModOp>
    
    <!-- add Gold 1010249 to products list EngineerWorkforceGoods 502007 -->
    <ModOp Type = "add" GUID = '502007' Path = "/Values/ProductList/List"
      Condition="!/Values/ProductList/List/Item[Product='1010249']">
      <Item>
        <Product>1010249</Product>
      </Item>
    </ModOp>
    <!-- add 135129 to products list EngineerWorkforceGoods 502007 -->
    <ModOp Type = "add" GUID = '502007' Path = "/Values/ProductList/List"
      Condition="!/Values/ProductList/List/Item[Product='135129']">
      <Item>
        <Product>135129</Product>
      </Item>
    </ModOp>
    <!-- add 1010257 to products list EngineerWorkforceGoods 502007 -->
    <ModOp Type = "add" GUID = '502007' Path = "/Values/ProductList/List"
      Condition="!/Values/ProductList/List/Item[Product='1010257']">
      <Item>
        <Product>1010257</Product>
      </Item>
    </ModOp>
    <!-- add 1010240 to products list EngineerWorkforceGoods 502007 -->
    <ModOp Type = "add" GUID = '502007' Path = "/Values/ProductList/List"
      Condition="!/Values/ProductList/List/Item[Product='1010240']">
      <Item>
        <Product>1010240</Product>
      </Item>
    </ModOp>
    <!-- add 120032 to products list EngineerWorkforceGoods 502007 -->
    <ModOp Type = "add" GUID = '502007' Path = "/Values/ProductList/List"
      Condition="!/Values/ProductList/List/Item[Product='120032']">
      <Item>
        <Product>120032</Product>
      </Item>
    </ModOp>

    <!-- add 850 to products list JornaleroWorkforceGoods 502008 -->
    <ModOp Type = "add" GUID = '502008' Path = "/Values/ProductList/List"
      Condition="!/Values/ProductList/List/Item[Product='850']">
      <Item>
        <Product>850</Product>
      </Item>
    </ModOp>
    <!-- add 5394 to products list JornaleroWorkforceGoods 502008 -->
    <ModOp Type = "add" GUID = '502008' Path = "/Values/ProductList/List"
      Condition="!/Values/ProductList/List/Item[Product='5394']">
      <Item>
        <Product>5394</Product>
      </Item>
    </ModOp>
    <!-- add 1414 to products list JornaleroWorkforceGoods 502008 -->
    <ModOp Type = "add" GUID = '502008' Path = "/Values/ProductList/List"
      Condition="!/Values/ProductList/List/Item[Product='1414']">
      <Item>
        <Product>1414</Product>
      </Item>
    </ModOp>
    <!-- add 847 to products list JornaleroWorkforceGoods 502008 -->
    <ModOp Type = "add" GUID = '502008' Path = "/Values/ProductList/List"
      Condition="!/Values/ProductList/List/Item[Product='847']">
      <Item>
        <Product>847</Product>
      </Item>
    </ModOp>
    <!-- add 1010196 to products list JornaleroWorkforceGoods 502008 -->
    <ModOp Type = "add" GUID = '502008' Path = "/Values/ProductList/List"
      Condition="!/Values/ProductList/List/Item[Product='1010196']">
      <Item>
        <Product>1010196</Product>
      </Item>
    </ModOp>
    <!-- add 848 to products list JornaleroWorkforceGoods 502008 -->
    <ModOp Type = "add" GUID = '502008' Path = "/Values/ProductList/List"
      Condition="!/Values/ProductList/List/Item[Product='848']">
      <Item>
        <Product>848</Product>
      </Item>
    </ModOp>
    <!-- add 1010226 to products list JornaleroWorkforceGoods 502008 -->
    <ModOp Type = "add" GUID = '502008' Path = "/Values/ProductList/List"
      Condition="!/Values/ProductList/List/Item[Product='1010226']">
      <Item>
        <Product>1010226</Product>
      </Item>
    </ModOp>
    <!-- add 846 to products list JornaleroWorkforceGoods 502008 -->
    <ModOp Type = "add" GUID = '502008' Path = "/Values/ProductList/List"
      Condition="!/Values/ProductList/List/Item[Product='846']">
      <Item>
        <Product>846</Product>
      </Item>
    </ModOp>
    <!-- add 24808 to products list JornaleroWorkforceGoods 502008 -->
    <ModOp Type = "add" GUID = '502008' Path = "/Values/ProductList/List"
      Condition="!/Values/ProductList/List/Item[Product='24808']">
      <Item>
        <Product>24808</Product>
      </Item>
    </ModOp>
    <!-- add 5380 to products list JornaleroWorkforceGoods 502008 -->
    <ModOp Type = "add" GUID = '502008' Path = "/Values/ProductList/List"
      Condition="!/Values/ProductList/List/Item[Product='5380']">
      <Item>
        <Product>5380</Product>
      </Item>
    </ModOp>
    <!-- add 1010256 to products list JornaleroWorkforceGoods 502008 -->
    <ModOp Type = "add" GUID = '502008' Path = "/Values/ProductList/List"
      Condition="!/Values/ProductList/List/Item[Product='1010256']">
      <Item>
        <Product>1010256</Product>
      </Item>
    </ModOp>
    <!-- add 836 to products list JornaleroWorkforceGoods 502008 -->
    <ModOp Type = "add" GUID = '502008' Path = "/Values/ProductList/List"
      Condition="!/Values/ProductList/List/Item[Product='836']">
      <Item>
        <Product>836</Product>
      </Item>
    </ModOp>
    <!-- add 5384 to products list JornaleroWorkforceGoods 502008 -->
    <ModOp Type = "add" GUID = '502008' Path = "/Values/ProductList/List"
      Condition="!/Values/ProductList/List/Item[Product='5384']">
      <Item>
        <Product>5384</Product>
      </Item>
    </ModOp>
    <!-- add 120008 to products list JornaleroWorkforceGoods 502008 -->
    <ModOp Type = "add" GUID = '502008' Path = "/Values/ProductList/List"
      Condition="!/Values/ProductList/List/Item[Product='120008']">
      <Item>
        <Product>120008</Product>
      </Item>
    </ModOp>
    <!-- add 1010227 to products list JornaleroWorkforceGoods 502008 -->
    <ModOp Type = "add" GUID = '502008' Path = "/Values/ProductList/List"
      Condition="!/Values/ProductList/List/Item[Product='1010227']">
      <Item>
        <Product>1010227</Product>
      </Item>
    </ModOp>
    <!-- add 849 to products list JornaleroWorkforceGoods 502008 -->
    <ModOp Type = "add" GUID = '502008' Path = "/Values/ProductList/List"
      Condition="!/Values/ProductList/List/Item[Product='849']">
      <Item>
        <Product>849</Product>
      </Item>
    </ModOp>
    <!-- add 5386 to products list JornaleroWorkforceGoods 502008 -->
    <ModOp Type = "add" GUID = '502008' Path = "/Values/ProductList/List"
      Condition="!/Values/ProductList/List/Item[Product='5386']">
      <Item>
        <Product>5386</Product>
      </Item>
    </ModOp>
    <!-- add 5383 to products list JornaleroWorkforceGoods 502008 -->
    <ModOp Type = "add" GUID = '502008' Path = "/Values/ProductList/List"
      Condition="!/Values/ProductList/List/Item[Product='5383']">
      <Item>
        <Product>5383</Product>
      </Item>
    </ModOp>
    <!-- add 5803 to products list JornaleroWorkforceGoods 502008 -->
    <ModOp Type = "add" GUID = '502008' Path = "/Values/ProductList/List"
      Condition="!/Values/ProductList/List/Item[Product='5803']">
      <Item>
        <Product>5803</Product>
      </Item>
    </ModOp>
    
    <!-- add Sugar 1010239 to products list ObreroWorkforceGoods 502009 -->
    <ModOp Type = "add" GUID = '502009' Path = "/Values/ProductList/List"
      Condition="!/Values/ProductList/List/Item[Product='1010239']">
      <Item>
        <Product>1010239</Product>
      </Item>
    </ModOp>
    <!-- add 5393 to products list ObreroWorkforceGoods 502009 -->
    <ModOp Type = "add" GUID = '502009' Path = "/Values/ProductList/List"
      Condition="!/Values/ProductList/List/Item[Product='5393']">
      <Item>
        <Product>5393</Product>
      </Item>
    </ModOp>
    <!-- add 5393 to products list ObreroWorkforceGoods 502009 -->
    <ModOp Type = "add" GUID = '502009' Path = "/Values/ProductList/List"
      Condition="!/Values/ProductList/List/Item[Product='5393']">
      <Item>
        <Product>5393</Product>
      </Item>
    </ModOp>
    <!-- add 1010219 to products list ObreroWorkforceGoods 502009 -->
    <ModOp Type = "add" GUID = '502009' Path = "/Values/ProductList/List"
      Condition="!/Values/ProductList/List/Item[Product='1010219']">
      <Item>
        <Product>1010219</Product>
      </Item>
    </ModOp>
    <!-- add 135150 to products list ObreroWorkforceGoods 502009 -->
    <ModOp Type = "add" GUID = '502009' Path = "/Values/ProductList/List"
      Condition="!/Values/ProductList/List/Item[Product='135150']">
      <Item>
        <Product>135150</Product>
      </Item>
    </ModOp>
    <!-- add 838 to products list ObreroWorkforceGoods 502009 -->
    <ModOp Type = "add" GUID = '502009' Path = "/Values/ProductList/List"
      Condition="!/Values/ProductList/List/Item[Product='838']">
      <Item>
        <Product>838</Product>
      </Item>
    </ModOp>
    <!-- add 135186 to products list ObreroWorkforceGoods 502009 -->
    <ModOp Type = "add" GUID = '502009' Path = "/Values/ProductList/List"
      Condition="!/Values/ProductList/List/Item[Product='135186']">
      <Item>
        <Product>135186</Product>
      </Item>
    </ModOp>
    <!-- add 5392 to products list ObreroWorkforceGoods 502009 -->
    <ModOp Type = "add" GUID = '502009' Path = "/Values/ProductList/List"
      Condition="!/Values/ProductList/List/Item[Product='5392']">
      <Item>
        <Product>5392</Product>
      </Item>
    </ModOp>
    <!-- add 5390 to products list ObreroWorkforceGoods 502009 -->
    <ModOp Type = "add" GUID = '502009' Path = "/Values/ProductList/List"
      Condition="!/Values/ProductList/List/Item[Product='5390']">
      <Item>
        <Product>5390</Product>
      </Item>
    </ModOp>
    <!-- add 840 to products list ObreroWorkforceGoods 502009 -->
    <ModOp Type = "add" GUID = '502009' Path = "/Values/ProductList/List"
      Condition="!/Values/ProductList/List/Item[Product='840']">
      <Item>
        <Product>840</Product>
      </Item>
    </ModOp>
    <!-- add 5398 to products list ObreroWorkforceGoods 502009 -->
    <ModOp Type = "add" GUID = '502009' Path = "/Values/ProductList/List"
      Condition="!/Values/ProductList/List/Item[Product='5398']">
      <Item>
        <Product>5398</Product>
      </Item>
    </ModOp>
    <!-- add 1010242 to products list ObreroWorkforceGoods 502009 -->
    <ModOp Type = "add" GUID = '502009' Path = "/Values/ProductList/List"
      Condition="!/Values/ProductList/List/Item[Product='1010242']">
      <Item>
        <Product>1010242</Product>
      </Item>
    </ModOp>
    <!-- add 135130 to products list ObreroWorkforceGoods 502009 -->
    <ModOp Type = "add" GUID = '502009' Path = "/Values/ProductList/List"
      Condition="!/Values/ProductList/List/Item[Product='135130']">
      <Item>
        <Product>135130</Product>
      </Item>
    </ModOp>
    
    <!-- add Sewing 1010206 to products list ArtistaWorkforceList 5402 -->
    <ModOp Type = "add" GUID = '5402' Path = "/Values/ProductList/List"
      Condition="!/Values/ProductList/List/Item[Product='1010206']">
      <Item>
        <Product>1010206</Product>
      </Item>
    </ModOp>
    
    <!-- add 114369 to products list ShepherdWorkforceGoods 502069 -->
    <ModOp Type = "add" GUID = '502069' Path = "/Values/ProductList/List"
      Condition="!/Values/ProductList/List/Item[Product='114369']">
      <Item>
        <Product>114369</Product>
      </Item>
    </ModOp>
    <!-- add 114370 to products list ShepherdWorkforceGoods 502069 -->
    <ModOp Type = "add" GUID = '502069' Path = "/Values/ProductList/List"
      Condition="!/Values/ProductList/List/Item[Product='114370']">
      <Item>
        <Product>114370</Product>
      </Item>
    </ModOp>
    <!-- add 118728 to products list ShepherdWorkforceGoods 502069 -->
    <ModOp Type = "add" GUID = '502069' Path = "/Values/ProductList/List"
      Condition="!/Values/ProductList/List/Item[Product='118728']">
      <Item>
        <Product>118728</Product>
      </Item>
    </ModOp>
    <!-- add 114368 to products list ShepherdWorkforceGoods 502069 -->
    <ModOp Type = "add" GUID = '502069' Path = "/Values/ProductList/List"
      Condition="!/Values/ProductList/List/Item[Product='114368']">
      <Item>
        <Product>114368</Product>
      </Item>
    </ModOp>
    
    
  
    
    <!-- Also add all goods produced by this population to the 4 PlayerCounter pools, cause I think this is intended, even for products this population does not use -->
    <!-- add Jam 133183 to pool CP All Farmer Products 700052 -->
    <ModOp Type = "add" GUID = '700052' Path = "/Values/PlayerCounterContextPool/Contexts"
      Condition="!/Values/PlayerCounterContextPool/Contexts/Item[Asset='133183']">
      <Item>
        <Asset>133183</Asset>
      </Item>
    </ModOp>
    <!-- add Leather Boots 114428 to pool CP All Artisans Products 700054 -->
    <ModOp Type = "add" GUID = '700054' Path = "/Values/PlayerCounterContextPool/Contexts"
      Condition="!/Values/PlayerCounterContextPool/Contexts/Item[Asset='114428']">
      <Item>
        <Asset>114428</Asset>
      </Item>
    </ModOp>
    <!-- add Tailored Suits 114430 to pool CP All Artisans Products 700054 -->
    <ModOp Type = "add" GUID = '700054' Path = "/Values/PlayerCounterContextPool/Contexts"
      Condition="!/Values/PlayerCounterContextPool/Contexts/Item[Asset='114430']">
      <Item>
        <Asset>114430</Asset>
      </Item>
    </ModOp>
    <!-- add Shampoo 133181 to pool CP All Engineer Products 700139 -->
    <ModOp Type = "add" GUID = '700139' Path = "/Values/PlayerCounterContextPool/Contexts"
      Condition="!/Values/PlayerCounterContextPool/Contexts/Item[Asset='133181']">
      <Item>
        <Asset>133181</Asset>
      </Item>
    </ModOp>
    <!-- add Lemonade 133185 to pool CP All Engineer Products 700139 -->
    <ModOp Type = "add" GUID = '700139' Path = "/Values/PlayerCounterContextPool/Contexts"
      Condition="!/Values/PlayerCounterContextPool/Contexts/Item[Asset='133185']">
      <Item>
        <Asset>133185</Asset>
      </Item>
    </ModOp>
    <!-- add Souvenirs 133532 to pool CP All Engineer Products 700139 -->
    <ModOp Type = "add" GUID = '700139' Path = "/Values/PlayerCounterContextPool/Contexts"
      Condition="!/Values/PlayerCounterContextPool/Contexts/Item[Asset='133532']">
      <Item>
        <Asset>133532</Asset>
      </Item>
    </ModOp>
    <!-- add Telephones 114431 to pool CP All Engineer Products 700139 -->
    <ModOp Type = "add" GUID = '700139' Path = "/Values/PlayerCounterContextPool/Contexts"
      Condition="!/Values/PlayerCounterContextPool/Contexts/Item[Asset='114431']">
      <Item>
        <Asset>114431</Asset>
      </Item>
    </ModOp>
    
    <!-- ####################################################### -->
    
    <!-- add icon to the all pirate ships pool -->
    <ModOp Type="merge" GUID='700138' Path="/Values/Standard" Condition="!/Values/Standard/IconFilename">
      <IconFilename>data/ui/2kimages/main/3dicons/icon_pirate_flag.png</IconFilename>
    </ModOp>
    <!-- and to the all player ships pool -->
    <ModOp Type="merge" GUID='700155' Path="/Values/Standard" Condition="!/Values/Standard/IconFilename">
      <IconFilename>data/ui/2kimages/main/3dicons/ships/icon_ship_liner.png</IconFilename>
    </ModOp>
    <!-- and to the all kontors -->
    <ModOp Type="merge" GUID='700000' Path="/Values/Standard" Condition="!/Values/Standard/IconFilename">
      <IconFilename>data/ui/2kimages/main/3dicons/icon_kontor_main.png</IconFilename>
    </ModOp>
    
    
    <!-- not sure if adding all quest related ships also to the "combat effects" pool is a bugfix... -->
    <!-- I think it is better to not add them, only if we need it for a mod, see AI Buffed GeneralEnemy (Serp) Mod -->
    

</ModOps>