<ModOps>
    
  <!-- ############################################################ -->
    <!-- QUESTS -->
    <!-- ############################################################ -->
    
    <!-- TODO: -->
      <!-- Alle ActionDeleteObjects des Starter Schiffs zb in OnQuestDeclined usw.  -->
       <!-- sind bullshit, vorallem da kein ObjectRestrictToQuestObjects dabei ist. (aktuell entfernt es weltweit alle Questschiffe, auch für andere Spieler) -->
       <!-- Also entweder das zufügen oder einfach alle davon entfernen, weil das Starter Schiff schon von alleine die map verlässt -->
        <!-- außer es ist <ObjectDespawn>StayOnMap</ObjectDespawn> im StarterObject definiert. -->
      <!-- Wobei <ObjectDespawn>StayOnMap</ObjectDespawn> bei Starter Objekten auch absoluter Quatsch ist, außer evlt bei QuestLines -->
       <!-- Bei Mercier sorgt das bei manchen Quests wohl dafür, dass sie unendlich seiner Schiffe sammeln. -->
       <!-- Also auch diese Zeile überall entfernen. -->
        <!-- und nach <PrebuiltObject>110688</PrebuiltObject> suchen (starter schiff) -->
         <!-- und dies durch ConditoinSpawn ersetzen, damit neues starterschiff spawned -->
    
    
    <!-- There are several deliver quests from Ketema that asks you to send him goods with value of 100k and more, to get like 10k as reward... -->
    <!-- (this is more of a bugfix I think, cause other questgivers already have money amount=3 already defined for expensive deliver quests like this) -->
    <ModOp Type="merge" GUID="119041,119040,119038,119042,119043,119044" Path="/Values/Reward/RewardAssets/Item[1]">
      <Amount>3</Amount>
    </ModOp>
    
    <!-- Fix some delivery Quests which ask for money on the island, while money is a Meta product, which is why the quests are not solveable -->
    <ModOp Type="replace" GUID="119016,151543,110881,118964" Path="/Values/Objectives/WinConditions/Item/Objective/Values/ConditionQuestDelivery[DeliveryObject_cqd/Item/ObjectGUID='1010017']/DeliveryType">
      <DeliveryType>Meta</DeliveryType>
    </ModOp>
    <!-- fix text that mentions "t"/"tons" while we delivery money -->
    <ModOp Type="replace" GUID="119016" Path="/Values/Objectives/WinConditions/Item/Objective/Values[ConditionQuestDelivery/DeliveryObject_cqd/Item/ObjectGUID='1010017']/ConditionQuestObjective/TextCombinedContextValue">
      <TextCombinedContextValue>22071</TextCombinedContextValue>
    </ModOp>
    <!-- and the quest asks you for 20k money (scaled) and yield like ~13k money... so lets multiply the reward also for this quest -->
    <ModOp Type="merge" GUID="119016" Path="/Values/Reward/RewardAssets/Item[1]">
      <Amount>3</Amount>
    </ModOp>
    
    
    <!-- Adjust some arctic Quests which require you to own a Boreas Airship all the time to trigger again. This makes no sense anymore since there are other better airhsips now to eg. collect arctic scrap. -->
     <!-- We will change these quests to instead check "did the player own at any time at least 1 Boreas", since it seems the quests only care for the progress not for an actual airship -->
    <!-- LostCargo_Pool -->
    <ModOp Type="merge" GUID="116887" Path="/Values/PreConditionList/SubConditions/Item/SubCondition/Values/PreConditionList/Condition/Values/ConditionPlayerCounter[Context='114166']">
      <CounterValueType>Max</CounterValueType>
    </ModOp>
    <!-- LostCargo_QuestVariationPool -->
    <ModOp Type="merge" GUID="117260" Path="/Values/PreConditionList/Condition/Values/ConditionPlayerCounter[Context='114166']">
      <CounterValueType>Max</CounterValueType>
    </ModOp>
    <!-- Lost Cargo Scrap Quests -->
    <ModOp Type="merge" GUID="115979,116889,116890,116891,116892,116893,116894,116895,117279,117280,117281,117282,117283,117284,117285,117286,117287,117288,117289,117290,117399,117400,117401,117402,117403,117404,117405,117406,117407,117408,117409,117410,117411,117412,117413,117414" Path="/Values/PreConditionList/Condition/Values/ConditionPlayerCounter[Context='114166']">
      <CounterValueType>Max</CounterValueType>
    </ModOp>
    <!-- Lost Cargo Items Quests -->
    <ModOp Type="merge" GUID="117415,117417,117418,117419" Path="/Values/PreConditionList/Condition/Values/ConditionPlayerCounter[Context='114166']">
      <CounterValueType>Max</CounterValueType>
    </ModOp>
    <!-- a few Inuit Quests -->
    <ModOp Type="merge" GUID="116747,116841,116864,116865,116866" Path="/Values/PreConditionList/SubConditions/Item/SubCondition/Values/PreConditionList/Condition/Values/ConditionPlayerCounter[Context='114166']">
      <CounterValueType>Max</CounterValueType>
    </ModOp>
    <!-- Explorer Lost Cargo variation -->
    <ModOp Type="merge" GUID="117115,117119,117120" Path="/Values/PreConditionList/Condition/Values/ConditionPlayerCounter[Context='114166']">
      <CounterValueType>Max</CounterValueType>
    </ModOp>
    <!-- same for Triggers Intermediate Arctic 2.1.1 Inventions, makes no sense to force players to own Boreas all the time -->
    <ModOp Type="merge" GUID="116659,116660,116661,130277,130276,130278,116664,130281,130282,130280" Path="/Values/Trigger/SubTriggers/Item/SubTrigger/Values/Trigger/TriggerCondition/Values/ConditionPlayerCounter[Context='114166']">
      <CounterValueType>Max</CounterValueType>
    </ModOp>
    
    <!-- Quest 153187 is a subquest from 153176 and asks you to build a "aquatic enclosure". The Quests lists specific buildings in the wincondition -->
     <!-- while with mods and maybe also DLCs new aquatic enclosure were added, which do not count for the Quest. -->
      <!-- So we add a QuestHint for this Quest that mentions the allowed objects -->
    <ModOp Type="merge" GUID="153176" Path="/Values/Quest">
      <QuestHints />
    </ModOp>
    <ModOp Type="add" GUID="153176" Path="/Values/Quest/QuestHints">
      <Item>
        <Text>1500005603</Text>
      </Item>
    </ModOp>
  
  <!-- ################################################### -->
  <!-- Uses Serp GUIDS: 1500005526 -->

  <!-- Fix campaign being unable to upgrade more farmers to workers -->
  <!-- Campaign has a trigger 153245 that relocks the workers again as soon as you unlocked basic-clothes-chain -->
  <!-- The Trigger to unlock it again is 150560 which triggers as soon as you completed the Quest 150841 (Freedom and the Free Press) -->
   <!-- If you now complete this Quest before you reach clothes, the "again unlock" triggers before the relock, because it lacks proper conditions. -->
   <!-- Instead of fixing the vanilla triggers, we will add a new Trigger that uses proper conditions (fixing vanilla would not resolve savegames) -->
    <!-- So before we unlock workers we check: 1) is Quest 150841 completed. 2) are clothes unlocked? 3) are workers locked -->
     <!-- this will make sure it unlocks it correctly and also in savegames. -->
  <ModOp Type="addNextSibling" GUID="150560">
    <Asset>
      <Template>Trigger</Template>
      <Values>
        <Standard>
          <GUID>1500005526</GUID>
          <Name>Campaign_UnlockResidenceLvl2_Fix</Name>
        </Standard>
        <Trigger>
          <TriggerCondition>
            <Template>ConditionQuestState</Template>
            <Values>
              <Condition />
              <ConditionQuestState>
                <ConditionQuestStateStates>Reached</ConditionQuestStateStates>
                <ConditionQuestStateQuestGUID>150841</ConditionQuestStateQuestGUID>
              </ConditionQuestState>
            </Values>
          </TriggerCondition>
          <SubTriggers>
            <Item>
              <SubTrigger>
                <Template>AutoCreateTrigger</Template>
                <Values>
                  <Trigger>
                    <TriggerCondition>
                      <Template>ConditionUnlocked</Template>
                      <Values>
                        <Condition />
                        <ConditionUnlocked>
                          <UnlockNeeded>130060</UnlockNeeded>
                        </ConditionUnlocked>
                        <ConditionPropsNegatable />
                      </Values>
                    </TriggerCondition>
                    <SubTriggers>
                      <Item>
                        <SubTrigger>
                          <Template>AutoCreateTrigger</Template>
                          <Values>
                            <Trigger>
                              <TriggerCondition>
                                <Template>ConditionUnlocked</Template>
                                <Values>
                                  <Condition />
                                  <ConditionUnlocked>
                                    <UnlockNeeded>1010344</UnlockNeeded>
                                  </ConditionUnlocked>
                                  <ConditionPropsNegatable>
                                    <NegateCondition>1</NegateCondition>
                                  </ConditionPropsNegatable>
                                </Values>
                              </TriggerCondition>
                            </Trigger>
                          </Values>
                        </SubTrigger>
                      </Item>
                    </SubTriggers>
                  </Trigger>
                </Values>
              </SubTrigger>
            </Item>
          </SubTriggers>
          <TriggerActions>
            <Item>
              <TriggerAction>
                <Template>ActionUnlockAsset</Template>
                <Values>
                  <Action />
                  <ActionUnlockAsset>
                    <UnlockAssets>
                      <Item>
                        <Asset>1010344</Asset>
                      </Item>
                    </UnlockAssets>
                  </ActionUnlockAsset>
                </Values>
              </TriggerAction>
            </Item>
          </TriggerActions>
          <TriggerSetup>
            <AutoRegisterTrigger>1</AutoRegisterTrigger>
            <UsedBySecondParties>0</UsedBySecondParties>
          </TriggerSetup>
        </Trigger>
      </Values>
    </Asset>
  </ModOp>
  

</ModOps>