{
  "Version": "1.0",
  "ModID": "MP_LaFortune_Peace_Serp",
  "IncompatibleIds": null,
  "ModDependencies": null,
  "Category": {
    "Chinese": "BugFix",
    "English": "BugFix",
    "French": "BugFix",
    "German": "BugFix",
    "Italian": "BugFix",
    "Korean": "BugFix",
    "Polish": "BugFix",
    "Russian": "BugFix",
    "Spanish": "BugFix",
    "Taiwanese": "BugFix"
  },
  "ModName": {
    "Chinese": "MP LaFortune Peace",
    "English": "MP LaFortune Peace",
    "French": "MP LaFortune Peace",
    "German": "MP LaFortune Frieden",
    "Italian": "MP LaFortune Peace",
    "Korean": "MP LaFortune Peace",
    "Polish": "MP LaFortune Peace",
    "Russian": "MP LaFortune Peace",
    "Spanish": "MP LaFortune Peace",
    "Taiwanese": "MP LaFortune Peace"
  },
  "Description": {
    "Chinese": "In multiplayer the players 2 to 4 will also start with peace towards the new world pirate La Fortune, just like player 1. (this fix is included in my Stronger Pirates mod)",
    "English": "In multiplayer the players 2 to 4 will also start with peace towards the new world pirate La Fortune, just like player 1. (this fix is included in my Stronger Pirates mod)",
    "French": "In multiplayer the players 2 to 4 will also start with peace towards the new world pirate La Fortune, just like player 1. (this fix is included in my Stronger Pirates mod)",
    "German": "Im Multiplayer haben jetzt auch die menschlichen Spieler 2 bis 4 zu Beginn Frieden mit dem neue Welt Piraten La Fortune, wie Spieler 1 es hat. (Dieser Fix is in meinem Stronger Pirates Mod enthalten)",
    "Italian": "In multiplayer the players 2 to 4 will also start with peace towards the new world pirate La Fortune, just like player 1. (this fix is included in my Stronger Pirates mod)",
    "Korean": "In multiplayer the players 2 to 4 will also start with peace towards the new world pirate La Fortune, just like player 1. (this fix is included in my Stronger Pirates mod)",
    "Polish": "In multiplayer the players 2 to 4 will also start with peace towards the new world pirate La Fortune, just like player 1. (this fix is included in my Stronger Pirates mod)",
    "Russian": "In multiplayer the players 2 to 4 will also start with peace towards the new world pirate La Fortune, just like player 1. (this fix is included in my Stronger Pirates mod)",
    "Spanish": "In multiplayer the players 2 to 4 will also start with peace towards the new world pirate La Fortune, just like player 1. (this fix is included in my Stronger Pirates mod)",
    "Taiwanese": "In multiplayer the players 2 to 4 will also start with peace towards the new world pirate La Fortune, just like player 1. (this fix is included in my Stronger Pirates mod)"
  },
  "KnownIssues": [
    {
      "Chinese": null,
      "English": null,
      "French": null,
      "German": null,
      "Italian": null,
      "Korean": null,
      "Polish": null,
      "Russian": null,
      "Spanish": null,
      "Taiwanese": null
    }
  ],
  "DLCDependencies": null,
  "CreatorName": "Serp",
  "CreatorContact": "https://github.com/Serpens66"
}