{
  "Version": "1.2",
  "ModID": "Taludas_CampherCinnamonTrees",
  "IncompatibleIds": null,
  "ModDependencies": null,
  "Category": {
    "Chinese": "Fix",
    "English": "Fix",
    "French": "Fix",
    "German": "Fix",
    "Italian": "Fix",
    "Japanese": "Fix",
    "Korean": "Fix",
    "Polish": "Fix",
    "Russian": "Fix",
    "Spanish": "Fix",
    "Taiwanese": "Fix"
  },
  "ModName": {
    "Chinese": "Campher and Cinnamon Orchards use different tree configs (Taludas)",
    "English": "Campher and Cinnamon Orchards use different tree configs (Taludas)",
    "French": "Campher and Cinnamon Orchards use different tree configs (Taludas)",
    "German": "Kampfer- und Zimtbäume benutzen verschiedene Baum-Konfigurationen (Taludas)",
    "Italian": "Campher and Cinnamon Orchards use different tree configs (Taludas)",
    "Japanese": "Campher and Cinnamon Orchards use different tree configs (Taludas)",
    "Korean": "Campher and Cinnamon Orchards use different tree configs (Taludas)",
    "Polish": "Campher and Cinnamon Orchards use different tree configs (Taludas)",
    "Russian": "Campher and Cinnamon Orchards use different tree configs (Taludas)",
    "Spanish": "Campher and Cinnamon Orchards use different tree configs (Taludas)",
    "Taiwanese": "Campher and Cinnamon Orchards use different tree configs (Taludas)"
  },
  "Description": {
    "Chinese": null,
    "English": "This mod fixes not only the oversight, that camphor and cinnamon orchards use the same tree as graphic asset, but the same tree config as well. So before cinnamon and camphor orchards haven't had their productivity lowered by overlap as much as the other orchards. To fix this, I created a recoloured tree prop with the camphor tree as base. The new tree is a little smaller, the leaves use a darker green colour and the bark is now coloured in a more redish tone. With the tree ready I assigned it to a unused tree config of the NW, so that now cinnamon and camphor orchard overlap properly. The cinnamon tree can be used for the tree brush as well.",
    "French": null,
    "German": "Dieser Mod behebt nicht nur das Versehen, dass Kampfer- und Zimtbäume den gleichen Baum als Grafik-Asset verwenden, sondern auch die gleiche Baumkonfiguration. Daher wurde die Produktivität von Zimt- und Kampferplantagen durch die Überlappung nicht so stark beeinträchtigt wie die der anderen Plantagen. Um dies zu beheben, habe ich eine neu gefärbte Baum-Prop mit dem Kampferbaum als Basis erstellt. Der neue Baum ist etwas kleiner, die Blätter haben einen dunkleren Grünton und die Rinde ist jetzt rötlicher gefärbt. Nachdem der Baum fertig war, habe ich ihn einer unbenutzten Baumkonfiguration der Neuen Welt zugewiesen, so dass sich Zimt- und Kampferplantage nun richtig überschneiden. Der Zimtbaum kann auch mit dem Baumpinsel verwendet werden.",
    "Italian": null,
    "Japanese": null,
    "Korean": null,
    "Polish": null,
    "Russian": null,
    "Spanish": null,
    "Taiwanese": null
  },
  "KnownIssues": 
  [
    {
      "Chinese": null,
      "English": null,
      "French": null,
      "German": null,
      "Italian": null,
      "Japanese": null,
      "Korean": null,
      "Polish": null,
      "Russian": null,
      "Spanish": null,
      "Taiwanese": null
    }
  ],
  "DLCDependencies": [
    {
      "DLC":"Tourism",
      "Dependant": "required"
    }
  ],
  "CreatorName": "Taludas",
  "CreatorContact": "https://github.com/Taludas/SmallModsCollection",
  "Image": null
}
