<ModOps>
  <ModOp Type="add" Path="/TextExport/Texts">
    <Text>
      <GUID>1500010714</GUID>
      <Text>[AssetData(1010560) Text]</Text>      <!-- 1010560 -->
    </Text>
    <Text>
      <GUID>1500010715</GUID>
      <Text>[AssetData(1010305) Text]</Text>      <!-- 1010305 -->
    </Text>
    <Text>
      <GUID>1500010716</GUID>
      <Text>[AssetData(1010309) Text]</Text>      <!-- 1010309 -->
    </Text>
    <Text>
      <GUID>1500011900</GUID>
      <Text>[AssetData(1010285) Text]</Text>      <!-- 1010285 -->
    </Text>
    <Text>
      <GUID>1500011901</GUID>
      <Text>[AssetData(1010296) Text]</Text>      <!-- 1010296 -->
    </Text>
    <Text>
      <GUID>1500011902</GUID>
      <Text>[AssetData(1010280) Text]</Text>      <!-- 1010280 -->
    </Text>
    <Text>
      <GUID>1500011903</GUID>
      <Text>[AssetData(1010319) Text]</Text>      <!-- 1010319 -->
    </Text>
    <Text>
      <GUID>1500011904</GUID>
      <Text>[AssetData(1010284) Text]</Text>      <!-- 1010284 -->
    </Text>
    <Text>
      <GUID>1500200671</GUID>
      <Text>[AssetData(1010292) Text]</Text>      <!-- 1010292 -->
    </Text>
    <Text>
      <GUID>1500200672</GUID>
      <Text>[AssetData(1010294) Text]</Text>      <!-- 1010294 -->
    </Text>
    <Text>
      <GUID>1500200673</GUID>
      <Text>[AssetData(1010291) Text]</Text>      <!-- 1010291 -->
    </Text>
    <Text>
      <GUID>1500200674</GUID>
      <Text>[AssetData(1010316) Text]</Text>      <!-- 1010316 -->
    </Text>
    <Text>
      <GUID>1500200675</GUID>
      <Text>[AssetData(1010312) Text]</Text>      <!-- 1010312 -->
    </Text>
    <Text>
      <GUID>1500200676</GUID>
      <Text>[AssetData(1010281) Text]</Text>      <!-- 1010281 -->
    </Text>
    <Text>
      <GUID>1500200677</GUID>
      <Text>[AssetData(1010269) Text]</Text>      <!-- 1010269 -->
    </Text>
    <Text>
      <GUID>1500200678</GUID>
      <Text>所有[AssetData(1010313) Text]</Text>      <!-- 1010313 -->
    </Text>
    <Text>
      <GUID>1500200679</GUID>
      <Text>[AssetData(1010340) Text]</Text>      <!-- 1010340 -->
    </Text>
    <Text>
      <GUID>1500200680</GUID>
      <Text>[AssetData(101252) Text]</Text>      <!-- 101252 -->
    </Text>
    <Text>
      <GUID>1500200682</GUID>
      <Text>[AssetData(1010297) Text]</Text>      <!-- 1010297 -->
    </Text>
    <Text>
      <GUID>1500200685</GUID>
      <Text>[AssetData(934) Text]</Text>      <!-- 934 -->
    </Text>
    <Text>
      <GUID>1500200686</GUID>
      <Text>[AssetData(924) Text]</Text>      <!-- 924 -->
    </Text>
    <Text>
      <GUID>1500200688</GUID>
      <Text>[AssetData(101250) Text]</Text>      <!-- 101250 -->
    </Text>
    <Text>
      <GUID>1500300910</GUID>
      <Text>[AssetData(100780) Text]</Text>      <!-- 100780 -->
    </Text>
    <Text>
      <GUID>1500300911</GUID>
      <Text>所有露天矿场</Text>      <!-- 191592 -->
    </Text>
    <Text>
      <GUID>1500300912</GUID>
      <Text>所有粘土消费者</Text>
    </Text>
    <Text>
      <GUID>1500300913</GUID>
      <Text>所有钢铁消费者</Text>
    </Text>
    <Text>
      <GUID>1500300914</GUID>
      <Text>[AssetData(1010320) Text]</Text>      <!-- 1010320 -->
    </Text>
    <Text>
      <GUID>1500300076</GUID>
      <Text>[AssetData(6279) Text]</Text>      <!-- 6279 -->
    </Text>
    <Text>
      <GUID>1999002378</GUID>
      <Text>[AssetData(117743) Text]</Text>      <!-- 117743 -->
    </Text>
    <Text>
      <GUID>2100115823</GUID>
      <Text>[AssetData(5659) Text]</Text>      <!-- 5659 -->
    </Text>
    <Text>
      <GUID>2100115287</GUID>
      <Text>地鐵站</Text>
    </Text>
    <Text>
      <GUID>1500300916</GUID>
      <Text>制酪厂</Text>
    </Text>
    <Text>
      <GUID>1500301937</GUID>
      <Text>肥料工作坊</Text>
    </Text>
    <Text>
      <GUID>1500301938</GUID>
      <Text>所有莊園宿舍</Text>
    </Text>
    <Text>
      <GUID>1500301940</GUID>
      <Text>所有冶煉廠</Text>
    </Text>
    <Text>
      <GUID>1500301941</GUID>
      <Text>所有武器工廠</Text>
    </Text>
    <Text>
      <GUID>1500301942</GUID>
      <Text>所有狩獵小屋</Text>
    </Text>
    <Text>
      <GUID>1500301944</GUID>
      <Text>综合北极狩猎小屋</Text>
    </Text>
    <Text>
      <GUID>191042</GUID>
      <Text>所有钻机</Text>
    </Text>
    <Text>
      <GUID>1500301945</GUID>
      <Text>所有面料廠</Text>
    </Text>
    <Text>
      <GUID>1500301946</GUID>
      <Text>所有马达工厂</Text>
    </Text>
    <Text>
      <GUID>1500301947</GUID>
      <Text>所有河流建筑物</Text>
    </Text>
    <Text>
      <GUID>1500301948</GUID>
      <Text>所有農民住所</Text>
    </Text>
    <Text>
      <GUID>1500301949</GUID>
      <Text>所有工人住所</Text>
    </Text>
    <Text>
      <GUID>1500301950</GUID>
      <Text>所有艺术家住所</Text>
    </Text>
    <Text>
      <GUID>1500301951</GUID>
      <Text>所有牧羊人住所</Text>
    </Text>
    <Text>
      <GUID>1500301952</GUID>
      <Text>所有長老住所</Text>
    </Text>
    <Text>
      <GUID>1500301024</GUID>
      <Text>所有饲料筒仓</Text>
    </Text>
    <Text>
      <GUID>1500301025</GUID>
      <Text>所有化肥筒仓</Text>
    </Text>
    <Text>
      <GUID>1500301026</GUID>
      <Text>所有矿井模块</Text>
    </Text>
    <Text>
      <GUID>1500301029</GUID>
      <Text>所有北极矿区</Text>
    </Text>
    <Text>
      <GUID>2100115704</GUID>
      <Text>汽水廠</Text>
    </Text>
    <Text>
      <GUID>1742000199</GUID>
      <Text>所有郵局和郵箱</Text>
    </Text>
    <Text>
      <GUID>1742000423</GUID>
      <Text>所有茶葉公司</Text>
    </Text>
    <Text>
      <GUID>1742200027</GUID>
      <Text>所有 探索者公寓</Text>
    </Text>
    <Text>
      <GUID>1742200028</GUID>
      <Text>所有 技術員住宅</Text>
    </Text>
    <Text>
      <GUID>1742200029</GUID>
      <Text>所有 北極住宅</Text>
    </Text>
    <Text>
      <GUID>1742200030</GUID>
      <Text>所有北極天然氣礦</Text>
    </Text>
    <Text>
      <GUID>1742200031</GUID>
      <Text>所有 瓦斯礦</Text>
    </Text>
    <Text>
      <GUID>1742000421</GUID>
      <Text>所有 北極車廠</Text>
    </Text>
    <Text>
      <GUID>1742000414</GUID>
      <Text>所有紀念碑建設階段</Text>
    </Text>
    <Text>
      <GUID>1742000418</GUID>
      <Text>所有廚房和廚房</Text>
    </Text>
    <Text>
      <GUID>1742000422</GUID>
      <Text>所有肥料廠和糞廠</Text>
    </Text>
  </ModOp>
</ModOps>