<ModOps>
  <ModOp Type="add" Path="/TextExport/Texts">
    <Text>
      <GUID>1500010714</GUID>
      <Text>Quarzgrube</Text>      <!-- 1010560 -->
    </Text>
    <Text>
      <GUID>1500010715</GUID>
      <Text>Eisenmine</Text>      <!-- 1010305 -->
    </Text>
    <Text>
      <GUID>1500010716</GUID>
      <Text>Zementmine</Text>      <!-- 1010309 -->
    </Text>
    <Text>
      <GUID>1500011900</GUID>
      <Text>Fensterfabrik</Text>      <!-- 1010285 -->
    </Text>
    <Text>
      <GUID>1500011901</GUID>
      <Text>Stahlwerk</Text>      <!-- 1010296 -->
    </Text>
    <Text>
      <GUID>1500011902</GUID>
      <Text>Betonwerk</Text>      <!-- 1010280 -->
    </Text>
    <Text>
      <GUID>1500011903</GUID>
      <Text>Glashütte</Text>      <!-- 1010319 -->
    </Text>
    <Text>
      <GUID>1500011904</GUID>
      <Text>Nähmaschinenfabrik</Text>      <!-- 1010284 -->
    </Text>
    <Text>
      <GUID>1500200671</GUID>
      <Text>Brauerei</Text>      <!-- 1010292 -->
    </Text>
    <Text>
      <GUID>1500200672</GUID>
      <Text>Schnapsbrennerei</Text>      <!-- 1010294 -->
    </Text>
    <Text>
      <GUID>1500200673</GUID>
      <Text>Bäckerei</Text>      <!-- 1010291 -->
    </Text>
    <Text>
      <GUID>1500200674</GUID>
      <Text>Metzgerei</Text>      <!-- 1010316 -->
    </Text>
    <Text>
      <GUID>1500200675</GUID>
      <Text>Wasenmeisterei</Text>      <!-- 1010312 -->
    </Text>
    <Text>
      <GUID>1500200676</GUID>
      <Text>Siederei</Text>      <!-- 1010281 -->
    </Text>
    <Text>
      <GUID>1500200677</GUID>
      <Text>Schweinezucht</Text>      <!-- 1010269 -->
    </Text>
    <Text>
      <GUID>1500200678</GUID>
      <Text>Alle Getreidemühlen</Text>      <!-- 1010313 -->
    </Text>
    <Text>
      <GUID>1500200679</GUID>
      <Text>Rumbrennerei</Text>      <!-- 1010340 -->
    </Text>
    <Text>
      <GUID>1500200680</GUID>
      <Text>Kaffeerösterei</Text>      <!-- 101252 -->
    </Text>
    <Text>
      <GUID>1500200682</GUID>
      <Text>Hochofen</Text>      <!-- 1010297 -->
    </Text>
    <Text>
      <GUID>1500200685</GUID>
      <Text>Seeminenfabrik</Text>      <!-- 934 -->
    </Text>
    <Text>
      <GUID>1500200686</GUID>
      <Text>Bombenfabrik</Text>      <!-- 924 -->
    </Text>
    <Text>
      <GUID>1500200688</GUID>
      <Text>Brillenfabrik</Text>      <!-- 101250 -->
    </Text>
    <Text>
      <GUID>1500300910</GUID>
      <Text>Öl-Kraftwerk</Text>      <!-- 100780 -->
    </Text>
    <Text>
      <GUID>1500300911</GUID>
      <Text>Alle Tagebaugruben</Text>      <!-- 191592 -->
    </Text>
    <Text>
      <GUID>1500300912</GUID>
      <Text>Alle Lehmverbraucher</Text>
    </Text>
    <Text>
      <GUID>1500300913</GUID>
      <Text>Alle Stahlverbraucher</Text>
    </Text>
    <Text>
      <GUID>1500300914</GUID>
      <Text>Kunstschreinerei</Text>      <!-- 1010320 -->
    </Text>
    <Text>
      <GUID>1500300076</GUID>
      <Text>Kabelfabrik</Text>      <!-- 6279 -->
    </Text>
    <Text>
      <GUID>1999002378</GUID>
      <Text>Lehmschöpferei</Text>      <!-- 117743 -->
    </Text>
    <Text>
      <GUID>2100115823</GUID>
      <Text>Motorenfabrik</Text>      <!-- 5659 -->
    </Text>
    <Text>
      <GUID>2100115287</GUID>
      <Text>U-Bahnstation</Text>
    </Text>
    <Text>
      <GUID>1500300916</GUID>
      <Text>Käserei</Text>
    </Text>
    <Text>
      <GUID>1500301937</GUID>
      <Text>Düngerwerk</Text>
    </Text>
    <Text>
      <GUID>1500301938</GUID>
      <Text>Alle Hacienda-Unterkünfte</Text>
    </Text>
    <Text>
      <GUID>1500301940</GUID>
      <Text>Alle Schmelzhütten</Text>
    </Text>
    <Text>
      <GUID>1500301941</GUID>
      <Text>Alle Waffenfabriken</Text>
    </Text>
    <Text>
      <GUID>1500301942</GUID>
      <Text>Alle Jagdhütten</Text>
    </Text>
    <Text>
      <GUID>1500301944</GUID>
      <Text>Alle Arktische Jagdhütten</Text>
    </Text>
    <Text>
      <GUID>191042</GUID>
      <Text>Alle Bohrtürme</Text>
    </Text>
    <Text>
      <GUID>1500301945</GUID>
      <Text>Alle Stoffwebereien</Text>
    </Text>
    <Text>
      <GUID>1500301946</GUID>
      <Text>Alle Motorenwerke</Text>
    </Text>
    <Text>
      <GUID>1500301947</GUID>
      <Text>Alle Flussgebäude</Text>
    </Text>
    <Text>
      <GUID>1500301948</GUID>
      <Text>Alle Bauernhäuser</Text>
    </Text>
    <Text>
      <GUID>1500301949</GUID>
      <Text>Alle Arbeiterhäuser</Text>
    </Text>
    <Text>
      <GUID>1500301950</GUID>
      <Text>Alle Artistahäuser</Text>
    </Text>
    <Text>
      <GUID>1500301951</GUID>
      <Text>Alle Hirtenhäuser</Text>
    </Text>
    <Text>
      <GUID>1500301952</GUID>
      <Text>Alle Ältestenhäuser</Text>
    </Text>
    <Text>
      <GUID>1500301024</GUID>
      <Text>Alle Futtersilos</Text>
    </Text>
    <Text>
      <GUID>1500301025</GUID>
      <Text>Alle Düngersilos</Text>
    </Text>
    <Text>
      <GUID>1500301026</GUID>
      <Text>Alle Minen Module</Text>
    </Text>
    <Text>
      <GUID>1500301029</GUID>
      <Text>Alle Arktischen Minen</Text>
    </Text>
    <Text>
      <GUID>2100115704</GUID>
      <Text>Soda Fabrik</Text>
    </Text>
    <Text>
      <GUID>1742000199</GUID>
      <Text>Alle Postämter und Briefkästen</Text>
    </Text>
    <Text>
      <GUID>1742000423</GUID>
      <Text>Alle Teebetriebe</Text>
    </Text>
    <Text>
      <GUID>1742200027</GUID>
      <Text>Zu den Explorer Residenzen</Text>
    </Text>
    <Text>
      <GUID>1742200028</GUID>
      <Text>Alle Techniker-Residenzen</Text>
    </Text>
    <Text>
      <GUID>1742200029</GUID>
      <Text>In den Arctic Residenzen</Text>
    </Text>
    <Text>
      <GUID>1742200030</GUID>
      <Text>Alle arktischen Gasminen</Text>
    </Text>
    <Text>
      <GUID>1742200031</GUID>
      <Text>Unter Gasmine</Text>
    </Text>
    <Text>
      <GUID>1742000421</GUID>
      <Text>Alle Arktis-Depots</Text>
    </Text>
    <Text>
      <GUID>1742000414</GUID>
      <Text>Alle Bauphasen des Denkmals</Text>
    </Text>
    <Text>
      <GUID>1742000418</GUID>
      <Text>Alle Küchen und Garküchen</Text>
    </Text>
    <Text>
      <GUID>1742000422</GUID>
      <Text>Alle Düngemittelfabriken und Mistpflanzen</Text>
    </Text>
  </ModOp>
</ModOps>