<ModOps>
  <ModOp Type="add" Path="/TextExport/Texts">
    <Text>
      <GUID>1500010714</GUID>
      <Text>[AssetData(1010560) Text]</Text>      <!-- 1010560 -->
    </Text>
    <Text>
      <GUID>1500010715</GUID>
      <Text>[AssetData(1010305) Text]</Text>      <!-- 1010305 -->
    </Text>
    <Text>
      <GUID>1500010716</GUID>
      <Text>[AssetData(1010309) Text]</Text>      <!-- 1010309 -->
    </Text>
    <Text>
      <GUID>1500011900</GUID>
      <Text>[AssetData(1010285) Text]</Text>      <!-- 1010285 -->
    </Text>
    <Text>
      <GUID>1500011901</GUID>
      <Text>[AssetData(1010296) Text]</Text>      <!-- 1010296 -->
    </Text>
    <Text>
      <GUID>1500011902</GUID>
      <Text>[AssetData(1010280) Text]</Text>      <!-- 1010280 -->
    </Text>
    <Text>
      <GUID>1500011903</GUID>
      <Text>[AssetData(1010319) Text]</Text>      <!-- 1010319 -->
    </Text>
    <Text>
      <GUID>1500011904</GUID>
      <Text>[AssetData(1010284) Text]</Text>      <!-- 1010284 -->
    </Text>
    <Text>
      <GUID>1500200671</GUID>
      <Text>[AssetData(1010292) Text]</Text>      <!-- 1010292 -->
    </Text>
    <Text>
      <GUID>1500200672</GUID>
      <Text>[AssetData(1010294) Text]</Text>      <!-- 1010294 -->
    </Text>
    <Text>
      <GUID>1500200673</GUID>
      <Text>[AssetData(1010291) Text]</Text>      <!-- 1010291 -->
    </Text>
    <Text>
      <GUID>1500200674</GUID>
      <Text>[AssetData(1010316) Text]</Text>      <!-- 1010316 -->
    </Text>
    <Text>
      <GUID>1500200675</GUID>
      <Text>[AssetData(1010312) Text]</Text>      <!-- 1010312 -->
    </Text>
    <Text>
      <GUID>1500200676</GUID>
      <Text>[AssetData(1010281) Text]</Text>      <!-- 1010281 -->
    </Text>
    <Text>
      <GUID>1500200677</GUID>
      <Text>[AssetData(1010269) Text]</Text>      <!-- 1010269 -->
    </Text>
    <Text>
      <GUID>1500200678</GUID>
      <Text>Todos los molinos de harina</Text>      <!-- 1010313 -->
    </Text>
    <Text>
      <GUID>1500200679</GUID>
      <Text>[AssetData(1010340) Text]</Text>      <!-- 1010340 -->
    </Text>
    <Text>
      <GUID>1500200680</GUID>
      <Text>[AssetData(101252) Text]</Text>      <!-- 101252 -->
    </Text>
    <Text>
      <GUID>1500200682</GUID>
      <Text>[AssetData(1010297) Text]</Text>      <!-- 1010297 -->
    </Text>
    <Text>
      <GUID>1500200685</GUID>
      <Text>[AssetData(934) Text]</Text>      <!-- 934 -->
    </Text>
    <Text>
      <GUID>1500200686</GUID>
      <Text>[AssetData(924) Text]</Text>      <!-- 924 -->
    </Text>
    <Text>
      <GUID>1500200688</GUID>
      <Text>[AssetData(101250) Text]</Text>      <!-- 101250 -->
    </Text>
    <Text>
      <GUID>1500300910</GUID>
      <Text>[AssetData(100780) Text]</Text>      <!-- 100780 -->
    </Text>
    <Text>
      <GUID>1500300911</GUID>
      <Text>Todas las minas a cielo abierto</Text>      <!-- 191592 -->
    </Text>
    <Text>
      <GUID>1500300912</GUID>
      <Text>Todos los consumidores de arcilla</Text>
    </Text>
    <Text>
      <GUID>1500300913</GUID>
      <Text>Todos los consumidores de acero</Text>
    </Text>
    <Text>
      <GUID>1500300914</GUID>
      <Text>[AssetData(1010320) Text]</Text>      <!-- 1010320 -->
    </Text>
    <Text>
      <GUID>1500300076</GUID>
      <Text>[AssetData(6279) Text]</Text>      <!-- 6279 -->
    </Text>
    <Text>
      <GUID>1999002378</GUID>
      <Text>[AssetData(117743) Text]</Text>      <!-- 117743 -->
    </Text>
    <Text>
      <GUID>2100115823</GUID>
      <Text>[AssetData(5659) Text]</Text>      <!-- 5659 -->
    </Text>
    <Text>
      <GUID>2100115287</GUID>
      <Text>Estacion de metro</Text>
    </Text>
    <Text>
      <GUID>1500300916</GUID>
      <Text>Lácteos de queso</Text>
    </Text>
    <Text>
      <GUID>1500301937</GUID>
      <Text>Trabajos de fertilizantes</Text>
    </Text>
    <Text>
      <GUID>1500301938</GUID>
      <Text>Todos los alojamientos de Hacienda</Text>
    </Text>
    <Text>
      <GUID>1500301940</GUID>
      <Text>Todas las fundiciones</Text>
    </Text>
    <Text>
      <GUID>1500301941</GUID>
      <Text>Todas las fábricas de armas</Text>
    </Text>
    <Text>
      <GUID>1500301942</GUID>
      <Text>Todas las cabañas de caza</Text>
    </Text>
    <Text>
      <GUID>1500301944</GUID>
      <Text>Todas las cabañas del Ártico</Text>
    </Text>
    <Text>
      <GUID>191042</GUID>
      <Text>Todas las plataformas de perforación</Text>
    </Text>
    <Text>
      <GUID>1500301945</GUID>
      <Text>Todas las fábricas de tejidos</Text>
    </Text>
    <Text>
      <GUID>1500301946</GUID>
      <Text>Todas las fábricas de motores</Text>
    </Text>
    <Text>
      <GUID>1500301947</GUID>
      <Text>Todos los edificios fluviales</Text>
    </Text>
    <Text>
      <GUID>1500301948</GUID>
      <Text>Todas las residencias de agricultores</Text>
    </Text>
    <Text>
      <GUID>1500301949</GUID>
      <Text>Todas las residencias de trabajadores</Text>
    </Text>
    <Text>
      <GUID>1500301950</GUID>
      <Text>Todas las residencias Artista</Text>
    </Text>
    <Text>
      <GUID>1500301951</GUID>
      <Text>Todas las residencias Shepherd</Text>
    </Text>
    <Text>
      <GUID>1500301952</GUID>
      <Text>Todas las residencias de ancianos</Text>
    </Text>
    <Text>
      <GUID>1500301024</GUID>
      <Text>Todos los Silos de forraje</Text>
    </Text>
    <Text>
      <GUID>1500301025</GUID>
      <Text>Todos los silos de fertilizantes</Text>
    </Text>
    <Text>
      <GUID>1500301026</GUID>
      <Text>Todos los módulos de minas</Text>
    </Text>
    <Text>
      <GUID>1500301029</GUID>
      <Text>Todas las minas del Ártico</Text>
    </Text>
    <Text>
      <GUID>2100115704</GUID>
      <Text>Fábrica de Refrescos</Text>
    </Text>
    <Text>
      <GUID>1742000199</GUID>
      <Text>Todas las oficinas de correos y buzones</Text>
    </Text>
    <Text>
      <GUID>1742000423</GUID>
      <Text>Todas las empresas de té</Text>
    </Text>
    <Text>
      <GUID>1742200027</GUID>
      <Text>Todas las residencias Explorer</Text>
    </Text>
    <Text>
      <GUID>1742200028</GUID>
      <Text>Todas las Residencias Técnicas</Text>
    </Text>
    <Text>
      <GUID>1742200029</GUID>
      <Text>Todas las residencias árticas</Text>
    </Text>
    <Text>
      <GUID>1742200030</GUID>
      <Text>Todas las minas de gas del Ártico</Text>
    </Text>
    <Text>
      <GUID>1742200031</GUID>
      <Text>Todas las minas de gas</Text>
    </Text>
    <Text>
      <GUID>1742000421</GUID>
      <Text>Todos los depósitos del Ártico</Text>
    </Text>
    <Text>
      <GUID>1742000414</GUID>
      <Text>Todas las fases de la construcción del monumento</Text>
    </Text>
    <Text>
      <GUID>1742000418</GUID>
      <Text>Todas las cocinas</Text>
    </Text>
    <Text>
      <GUID>1742000422</GUID>
      <Text>Todas las fábricas de fertilizantes y plantas de estiércol</Text>
    </Text>
  </ModOp>
</ModOps>