<ModOps>
  <ModOp Type="add" Path="/TextExport/Texts">
    <Text>
      <GUID>1500010714</GUID>
      <Text>[AssetData(1010560) Text]</Text>      <!-- 1010560 -->
    </Text>
    <Text>
      <GUID>1500010715</GUID>
      <Text>[AssetData(1010305) Text]</Text>      <!-- 1010305 -->
    </Text>
    <Text>
      <GUID>1500010716</GUID>
      <Text>[AssetData(1010309) Text]</Text>      <!-- 1010309 -->
    </Text>
    <Text>
      <GUID>1500011900</GUID>
      <Text>[AssetData(1010285) Text]</Text>      <!-- 1010285 -->
    </Text>
    <Text>
      <GUID>1500011901</GUID>
      <Text>[AssetData(1010296) Text]</Text>      <!-- 1010296 -->
    </Text>
    <Text>
      <GUID>1500011902</GUID>
      <Text>[AssetData(1010280) Text]</Text>      <!-- 1010280 -->
    </Text>
    <Text>
      <GUID>1500011903</GUID>
      <Text>[AssetData(1010319) Text]</Text>      <!-- 1010319 -->
    </Text>
    <Text>
      <GUID>1500011904</GUID>
      <Text>[AssetData(1010284) Text]</Text>      <!-- 1010284 -->
    </Text>
    <Text>
      <GUID>1500200671</GUID>
      <Text>[AssetData(1010292) Text]</Text>      <!-- 1010292 -->
    </Text>
    <Text>
      <GUID>1500200672</GUID>
      <Text>[AssetData(1010294) Text]</Text>      <!-- 1010294 -->
    </Text>
    <Text>
      <GUID>1500200673</GUID>
      <Text>[AssetData(1010291) Text]</Text>      <!-- 1010291 -->
    </Text>
    <Text>
      <GUID>1500200674</GUID>
      <Text>[AssetData(1010316) Text]</Text>      <!-- 1010316 -->
    </Text>
    <Text>
      <GUID>1500200675</GUID>
      <Text>[AssetData(1010312) Text]</Text>      <!-- 1010312 -->
    </Text>
    <Text>
      <GUID>1500200676</GUID>
      <Text>[AssetData(1010281) Text]</Text>      <!-- 1010281 -->
    </Text>
    <Text>
      <GUID>1500200677</GUID>
      <Text>[AssetData(1010269) Text]</Text>      <!-- 1010269 -->
    </Text>
    <Text>
      <GUID>1500200678</GUID>
      <Text>Tous les moulins</Text>      <!-- 1010313 -->
    </Text>
    <Text>
      <GUID>1500200679</GUID>
      <Text>[AssetData(1010340) Text]</Text>      <!-- 1010340 -->
    </Text>
    <Text>
      <GUID>1500200680</GUID>
      <Text>[AssetData(101252) Text]</Text>      <!-- 101252 -->
    </Text>
    <Text>
      <GUID>1500200682</GUID>
      <Text>[AssetData(1010297) Text]</Text>      <!-- 1010297 -->
    </Text>
    <Text>
      <GUID>1500200685</GUID>
      <Text>[AssetData(934) Text]</Text>      <!-- 934 -->
    </Text>
    <Text>
      <GUID>1500200686</GUID>
      <Text>[AssetData(924) Text]</Text>      <!-- 924 -->
    </Text>
    <Text>
      <GUID>1500200688</GUID>
      <Text>[AssetData(101250) Text]</Text>      <!-- 101250 -->
    </Text>
    <Text>
      <GUID>1500300910</GUID>
      <Text>[AssetData(100780) Text]</Text>      <!-- 100780 -->
    </Text>
    <Text>
      <GUID>1500300911</GUID>
      <Text>Toutes les mines à ciel ouvert</Text>      <!-- 191592 -->
    </Text>
    <Text>
      <GUID>1500300912</GUID>
      <Text>Tous les consommateurs d'argile</Text>
    </Text>
    <Text>
      <GUID>1500300913</GUID>
      <Text>Tous les consommateurs d'acier</Text>
    </Text>
    <Text>
      <GUID>1500300914</GUID>
      <Text>[AssetData(1010320) Text]</Text>      <!-- 1010320 -->
    </Text>
    <Text>
      <GUID>1500300076</GUID>
      <Text>[AssetData(6279) Text]</Text>      <!-- 6279 -->
    </Text>
    <Text>
      <GUID>1999002378</GUID>
      <Text>[AssetData(117743) Text]</Text>      <!-- 117743 -->
    </Text>
    <Text>
      <GUID>2100115823</GUID>
      <Text>[AssetData(5659) Text]</Text>      <!-- 5659 -->
    </Text>
    <Text>
      <GUID>2100115287</GUID>
      <Text>Station de métro</Text>
    </Text>
    <Text>
      <GUID>1500300916</GUID>
      <Text>Fromagerie</Text>
    </Text>
    <Text>
      <GUID>1500301937</GUID>
      <Text>Usines d'engrais</Text>
    </Text>
    <Text>
      <GUID>1500301938</GUID>
      <Text>Tous les quartiers de l'Hacienda</Text>
    </Text>
    <Text>
      <GUID>1500301940</GUID>
      <Text>Toutes les fonderies</Text>
    </Text>
    <Text>
      <GUID>1500301941</GUID>
      <Text>Toutes les fabriques d'armes</Text>
    </Text>
    <Text>
      <GUID>1500301942</GUID>
      <Text>Toutes les cabanes de chasse</Text>
    </Text>
    <Text>
      <GUID>1500301944</GUID>
      <Text>Toutes les cabanes de chasse Arctique</Text>
    </Text>
    <Text>
      <GUID>191042</GUID>
      <Text>Toutes les plates-formes de forage</Text>
    </Text>
    <Text>
      <GUID>1500301945</GUID>
      <Text>Toutes les usines à tissus</Text>
    </Text>
    <Text>
      <GUID>1500301946</GUID>
      <Text>Toutes les usines de moteurs</Text>
    </Text>
    <Text>
      <GUID>1500301947</GUID>
      <Text>Tous les bâtiments fluviaux</Text>
    </Text>
    <Text>
      <GUID>1500301948</GUID>
      <Text>Toutes les résidences de fermier</Text>
    </Text>
    <Text>
      <GUID>1500301949</GUID>
      <Text>Toutes les résidences d'ouvrier </Text>
    </Text>
    <Text>
      <GUID>1500301950</GUID>
      <Text>Toutes les résidences d'artiste</Text>
    </Text>
    <Text>
      <GUID>1500301951</GUID>
      <Text>Toutes les résidences de berger</Text>
    </Text>
    <Text>
      <GUID>1500301952</GUID>
      <Text>Toutes les résidences d'ancien</Text>
    </Text>
    <Text>
      <GUID>1500301024</GUID>
      <Text>Tous les silos à fourrage</Text>
    </Text>
    <Text>
      <GUID>1500301025</GUID>
      <Text>Tous les silos à engrais</Text>
    </Text>
    <Text>
      <GUID>1500301026</GUID>
      <Text>Tous les modules de la mine</Text>
    </Text>
    <Text>
      <GUID>1500301029</GUID>
      <Text>Toutes les mines de l'Arctique</Text>
    </Text>
    <Text>
      <GUID>2100115704</GUID>
      <Text>Usine de Soude</Text>
    </Text>
    <Text>
      <GUID>1742000199</GUID>
      <Text>Tous les bureaux de poste et boîtes postales</Text>
    </Text>
    <Text>
      <GUID>1742000423</GUID>
      <Text>Toutes les entreprises de thé</Text>
    </Text>
    <Text>
      <GUID>1742200027</GUID>
      <Text>Toutes les résidences Explorer</Text>
    </Text>
    <Text>
      <GUID>1742200028</GUID>
      <Text>Toutes les résidences de techniciens</Text>
    </Text>
    <Text>
      <GUID>1742200029</GUID>
      <Text>Toutes les résidences Arctic</Text>
    </Text>
    <Text>
      <GUID>1742200030</GUID>
      <Text>Toutes les mines de gaz de l’Arctique</Text>
    </Text>
    <Text>
      <GUID>1742200031</GUID>
      <Text>Toutes les mines de gaz</Text>
    </Text>
    <Text>
      <GUID>1742000421</GUID>
      <Text>Tous les dépôts de l’Arctique</Text>
    </Text>
    <Text>
      <GUID>1742000414</GUID>
      <Text>Toutes les phases de construction du monument</Text>
    </Text>
    <Text>
      <GUID>1742000418</GUID>
      <Text>Toutes les cuisines</Text>
    </Text>
    <Text>
      <GUID>1742000422</GUID>
      <Text>Tous les travaux d’engrais et les plantes de fumier</Text>
    </Text>
  </ModOp>
</ModOps>