<ModOps>
  <ModOp Type="add" Path="/TextExport/Texts">
    <Text>
      <GUID>1500010714</GUID>
      <Text>Песчаный карьер</Text>      <!-- 1010560 -->
    </Text>
    <Text>
      <GUID>1500010715</GUID>
      <Text>Железный рудник</Text>      <!-- 1010305 -->
    </Text>
    <Text>
      <GUID>1500010716</GUID>
      <Text>Известняковый карьер</Text>      <!-- 1010309 -->
    </Text>
    <Text>
      <GUID>1500011900</GUID>
      <Text>Оконная фабрика</Text>      <!-- 1010285 -->
    </Text>
    <Text>
      <GUID>1500011901</GUID>
      <Text>Сталелитейный завод</Text>      <!-- 1010296 -->
    </Text>
    <Text>
      <GUID>1500011902</GUID>
      <Text>Бетоносмесительный завод</Text>      <!-- 1010280 -->
    </Text>
    <Text>
      <GUID>1500011903</GUID>
      <Text>Стекольная фабрика</Text>      <!-- 1010319 -->
    </Text>
    <Text>
      <GUID>1500011904</GUID>
      <Text>Все фабрики швейных машин</Text>      <!-- 1010284 -->
    </Text>
    <Text>
      <GUID>1500200671</GUID>
      <Text>Все пивоварни</Text>      <!-- 1010292 -->
    </Text>
    <Text>
      <GUID>1500200672</GUID>
      <Text>Все винокурни</Text>      <!-- 1010294 -->
    </Text>
    <Text>
      <GUID>1500200673</GUID>
      <Text>Пекарня</Text>      <!-- 1010291 -->
    </Text>
    <Text>
      <GUID>1500200674</GUID>
      <Text>Мясная лавка</Text>      <!-- 1010316 -->
    </Text>
    <Text>
      <GUID>1500200675</GUID>
      <Text>Салотопный завод</Text>      <!-- 1010312 -->
    </Text>
    <Text>
      <GUID>1500200676</GUID>
      <Text>Мыловарня</Text>      <!-- 1010281 -->
    </Text>
    <Text>
      <GUID>1500200677</GUID>
      <Text>Свиноферма</Text>      <!-- 1010269 -->
    </Text>
    <Text>
      <GUID>1500200678</GUID>
      <Text>Все мельницы</Text>      <!-- 1010313 -->
    </Text>
    <Text>
      <GUID>1500200679</GUID>
      <Text>Все фабрики рома</Text>      <!-- 1010340 -->
    </Text>
    <Text>
      <GUID>1500200680</GUID>
      <Text>Все фабрики обжарки кофе</Text>      <!-- 101252 -->
    </Text>
    <Text>
      <GUID>1500200682</GUID>
      <Text>Все плавильни</Text>      <!-- 1010297 -->
    </Text>
    <Text>
      <GUID>1500200685</GUID>
      <Text>Все фабрики морских мин</Text>      <!-- 934 -->
    </Text>
    <Text>
      <GUID>1500200686</GUID>
      <Text>Все фабрики бомб</Text>      <!-- 924 -->
    </Text>
    <Text>
      <GUID>1500200688</GUID>
      <Text>Оптическая мастерская</Text>      <!-- 101250 -->
    </Text>
    <Text>
      <GUID>1500300910</GUID>
      <Text>Все нефтяные электростанции</Text>      <!-- 100780 -->
    </Text>
    <Text>
      <GUID>1500300911</GUID>
      <Text>Все открытые карьеры</Text>      <!-- 191592 -->
    </Text>
    <Text>
      <GUID>1500300912</GUID>
      <Text>Все потребители глины</Text>
    </Text>
    <Text>
      <GUID>1500300913</GUID>
      <Text>Все потребители стали</Text>
    </Text>
    <Text>
      <GUID>1500300914</GUID>
      <Text>Все заводы по обработке дерева</Text>      <!-- 1010320 -->
    </Text>
    <Text>
      <GUID>1500300076</GUID>
      <Text>Кабельный завод</Text>      <!-- 6279 -->
    </Text>
    <Text>
      <GUID>1999002378</GUID>
      <Text>Речной глиняный карьер</Text>      <!-- 117743 -->
    </Text>
    <Text>
      <GUID>2100115823</GUID>
      <Text>Линия сборки двигателей</Text>      <!-- 5659 -->
    </Text>
    <Text>
      <GUID>2100115287</GUID>
      <Text>Станции метро</Text>
    </Text>
    <Text>
      <GUID>1500300916</GUID>
      <Text>Сыроварня</Text>
    </Text>
    <Text>
      <GUID>1500301937</GUID>
      <Text>Завод удобрений</Text>
    </Text>
    <Text>
      <GUID>1500301938</GUID>
      <Text>Все апартаменты Асьенды</Text>
    </Text>
    <Text>
      <GUID>1500301940</GUID>
      <Text>Все плавильные заводы</Text>
    </Text>
    <Text>
      <GUID>1500301941</GUID>
      <Text>Все оружейные заводы</Text>
    </Text>
    <Text>
      <GUID>1500301942</GUID>
      <Text>Все охотничьи домики</Text>
    </Text>
    <Text>
      <GUID>1500301944</GUID>
      <Text>Все арктические охотничьи хижины</Text>
    </Text>
    <Text>
      <GUID>191042</GUID>
      <Text>Все нефтяные скважины</Text>
    </Text>
    <Text>
      <GUID>1500301945</GUID>
      <Text>Все хлопкопрядильные фабрики</Text>
    </Text>
    <Text>
      <GUID>1500301946</GUID>
      <Text>Все линии сборки двигателей</Text>
    </Text>
    <Text>
      <GUID>1500301947</GUID>
      <Text>Все речные здания</Text>
    </Text>
    <Text>
      <GUID>1500301948</GUID>
      <Text>Всё жильё фермеров</Text>
    </Text>
    <Text>
      <GUID>1500301949</GUID>
      <Text>Все жильё рабочих</Text>
    </Text>
    <Text>
      <GUID>1500301950</GUID>
      <Text>Всё жильё артиста</Text>
    </Text>
    <Text>
      <GUID>1500301951</GUID>
      <Text>Всё жильё пастухов</Text>
    </Text>
    <Text>
      <GUID>1500301952</GUID>
      <Text>Все жильё старейшин </Text>
    </Text>
    <Text>
      <GUID>1500301024</GUID>
      <Text>Все силосы для кормов</Text>
    </Text>
    <Text>
      <GUID>1500301025</GUID>
      <Text>Все силосы для удобрений</Text>
    </Text>
    <Text>
      <GUID>1500301026</GUID>
      <Text>Все модули шахты</Text>
    </Text>
    <Text>
      <GUID>1500301029</GUID>
      <Text>Все арктические шахты</Text>
    </Text>
    <Text>
      <GUID>2100115704</GUID>
      <Text>содовый завод</Text>
    </Text>
    <Text>
      <GUID>1742000199</GUID>
      <Text>Все почтовые отделения и почтовые ящики</Text>
    </Text>
    <Text>
      <GUID>1742000423</GUID>
      <Text>Все чайные компании</Text>
    </Text>
    <Text>
      <GUID>1742200027</GUID>
      <Text>Все резиденции Explorer</Text>
    </Text>
    <Text>
      <GUID>1742200028</GUID>
      <Text>Все резиденции техников</Text>
    </Text>
    <Text>
      <GUID>1742200029</GUID>
      <Text>Все резиденции в Арктике</Text>
    </Text>
    <Text>
      <GUID>1742200030</GUID>
      <Text>Все газовые шахты Арктики</Text>
    </Text>
    <Text>
      <GUID>1742200031</GUID>
      <Text>Все газовые шахты</Text>
    </Text>
    <Text>
      <GUID>1742000421</GUID>
      <Text>Все арктические склады</Text>
    </Text>
    <Text>
      <GUID>1742000414</GUID>
      <Text>Все этапы строительства памятников</Text>
    </Text>
    <Text>
      <GUID>1742000418</GUID>
      <Text>Все кухни и кулинарные домики</Text>
    </Text>
    <Text>
      <GUID>1742000422</GUID>
      <Text>Все работы по внесению удобрений и навозные заводы</Text>
    </Text>
  </ModOp>
</ModOps>