<ModOps>
  <ModOp Type="add" Path="/TextExport/Texts">
    <Text>
      <GUID>1500010714</GUID>
      <Text>[AssetData(1010560) Text]</Text>      <!-- 1010560 -->
    </Text>
    <Text>
      <GUID>1500010715</GUID>
      <Text>[AssetData(1010305) Text]</Text>      <!-- 1010305 -->
    </Text>
    <Text>
      <GUID>1500010716</GUID>
      <Text>[AssetData(1010309) Text]</Text>      <!-- 1010309 -->
    </Text>
    <Text>
      <GUID>1500011900</GUID>
      <Text>[AssetData(1010285) Text]</Text>      <!-- 1010285 -->
    </Text>
    <Text>
      <GUID>1500011901</GUID>
      <Text>[AssetData(1010296) Text]</Text>      <!-- 1010296 -->
    </Text>
    <Text>
      <GUID>1500011902</GUID>
      <Text>[AssetData(1010280) Text]</Text>      <!-- 1010280 -->
    </Text>
    <Text>
      <GUID>1500011903</GUID>
      <Text>[AssetData(1010319) Text]</Text>      <!-- 1010319 -->
    </Text>
    <Text>
      <GUID>1500011904</GUID>
      <Text>[AssetData(1010284) Text]</Text>      <!-- 1010284 -->
    </Text>
    <Text>
      <GUID>1500200671</GUID>
      <Text>[AssetData(1010292) Text]</Text>      <!-- 1010292 -->
    </Text>
    <Text>
      <GUID>1500200672</GUID>
      <Text>[AssetData(1010294) Text]</Text>      <!-- 1010294 -->
    </Text>
    <Text>
      <GUID>1500200673</GUID>
      <Text>[AssetData(1010291) Text]</Text>      <!-- 1010291 -->
    </Text>
    <Text>
      <GUID>1500200674</GUID>
      <Text>[AssetData(1010316) Text]</Text>      <!-- 1010316 -->
    </Text>
    <Text>
      <GUID>1500200675</GUID>
      <Text>[AssetData(1010312) Text]</Text>      <!-- 1010312 -->
    </Text>
    <Text>
      <GUID>1500200676</GUID>
      <Text>[AssetData(1010281) Text]</Text>      <!-- 1010281 -->
    </Text>
    <Text>
      <GUID>1500200677</GUID>
      <Text>[AssetData(1010269) Text]</Text>      <!-- 1010269 -->
    </Text>
    <Text>
      <GUID>1500200678</GUID>
      <Text>Wszystkie młyny zbożowe</Text>      <!-- 1010313 -->
    </Text>
    <Text>
      <GUID>1500200679</GUID>
      <Text>[AssetData(1010340) Text]</Text>      <!-- 1010340 -->
    </Text>
    <Text>
      <GUID>1500200680</GUID>
      <Text>[AssetData(101252) Text]</Text>      <!-- 101252 -->
    </Text>
    <Text>
      <GUID>1500200682</GUID>
      <Text>[AssetData(1010297) Text]</Text>      <!-- 1010297 -->
    </Text>
    <Text>
      <GUID>1500200685</GUID>
      <Text>[AssetData(934) Text]</Text>      <!-- 934 -->
    </Text>
    <Text>
      <GUID>1500200686</GUID>
      <Text>[AssetData(924) Text]</Text>      <!-- 924 -->
    </Text>
    <Text>
      <GUID>1500200688</GUID>
      <Text>[AssetData(101250) Text]</Text>      <!-- 101250 -->
    </Text>
    <Text>
      <GUID>1500300910</GUID>
      <Text>[AssetData(100780) Text]</Text>      <!-- 100780 -->
    </Text>
    <Text>
      <GUID>1500300911</GUID>
      <Text>Wszystkie kopalnie odkrywkowe</Text>      <!-- 191592 -->
    </Text>
    <Text>
      <GUID>1500300912</GUID>
      <Text>Wszyscy konsumenci gliny</Text>
    </Text>
    <Text>
      <GUID>1500300913</GUID>
      <Text>Wszyscy konsumenci stali</Text>
    </Text>
    <Text>
      <GUID>1500300914</GUID>
      <Text>[AssetData(1010320) Text]</Text>      <!-- 1010320 -->
    </Text>
    <Text>
      <GUID>1500300076</GUID>
      <Text>[AssetData(6279) Text]</Text>      <!-- 6279 -->
    </Text>
    <Text>
      <GUID>1999002378</GUID>
      <Text>[AssetData(117743) Text]</Text>      <!-- 117743 -->
    </Text>
    <Text>
      <GUID>2100115823</GUID>
      <Text>[AssetData(5659) Text]</Text>      <!-- 5659 -->
    </Text>
    <Text>
      <GUID>2100115287</GUID>
      <Text>Stacja metra</Text>
    </Text>
    <Text>
      <GUID>1500300916</GUID>
      <Text>Mleczarnia</Text>
    </Text>
    <Text>
      <GUID>1500301937</GUID>
      <Text>Zakłady Nawozowe</Text>
    </Text>
    <Text>
      <GUID>1500301938</GUID>
      <Text>Wszystkie kwatery hacjendy</Text>
    </Text>
    <Text>
      <GUID>1500301940</GUID>
      <Text>Wszystkie Odlewnie</Text>
    </Text>
    <Text>
      <GUID>1500301941</GUID>
      <Text>Wszystkie fabryki broni</Text>
    </Text>
    <Text>
      <GUID>1500301942</GUID>
      <Text>Wszystkie chaty myśliwskie</Text>
    </Text>
    <Text>
      <GUID>1500301944</GUID>
      <Text>Wszystkie Arktyczne Chaty Myśliwskie</Text>
    </Text>
    <Text>
      <GUID>191042</GUID>
      <Text>Wszystkie Platformy Wiertnicze</Text>
    </Text>
    <Text>
      <GUID>1500301945</GUID>
      <Text>Wszystkie fabryki tkanin'</Text>
    </Text>
    <Text>
      <GUID>1500301946</GUID>
      <Text>Wszystkie fabryki silników</Text>
    </Text>
    <Text>
      <GUID>1500301947</GUID>
      <Text>Wszystkie Budynki Rzeczne</Text>
    </Text>
    <Text>
      <GUID>1500301948</GUID>
      <Text>Wszystkie Domy Farmerów</Text>
    </Text>
    <Text>
      <GUID>1500301949</GUID>
      <Text>Wszystkie Domy Robotników</Text>
    </Text>
    <Text>
      <GUID>1500301950</GUID>
      <Text>Wszystkie Domy Artystów</Text>
    </Text>
    <Text>
      <GUID>1500301951</GUID>
      <Text>Wszystkie Domy Pasterzy</Text>
    </Text>
    <Text>
      <GUID>1500301952</GUID>
      <Text>Wszystkie Domy Starszych</Text>
    </Text>
    <Text>
      <GUID>1500301024</GUID>
      <Text>Wszystkie silosy paszowe</Text>
    </Text>
    <Text>
      <GUID>1500301025</GUID>
      <Text>Wszystkie silosy nawozowe</Text>
    </Text>
    <Text>
      <GUID>1500301026</GUID>
      <Text>Wszystkie moduły kopalni</Text>
    </Text>
    <Text>
      <GUID>1500301029</GUID>
      <Text>Wszystkie kopalnie arktyczne</Text>
    </Text>
    <Text>
      <GUID>2100115704</GUID>
      <Text>Fabryka Sody</Text>
    </Text>
    <Text>
      <GUID>1742000199</GUID>
      <Text>Wszystkie urzędy pocztowe i skrzynki pocztowe</Text>
    </Text>
    <Text>
      <GUID>1742000423</GUID>
      <Text>Wszystkie firmy produkujące herbatę</Text>
    </Text>
    <Text>
      <GUID>1742200027</GUID>
      <Text>Wszystkie rezydencje Explorer</Text>
    </Text>
    <Text>
      <GUID>1742200028</GUID>
      <Text>Wszystkie rezydencje techników</Text>
    </Text>
    <Text>
      <GUID>1742200029</GUID>
      <Text>Wszystkie rezydencje arktyczne</Text>
    </Text>
    <Text>
      <GUID>1742200030</GUID>
      <Text>Wszystkie arktyczne kopalnie gazu</Text>
    </Text>
    <Text>
      <GUID>1742200031</GUID>
      <Text>Wszystkie kopalnie gazu</Text>
    </Text>
    <Text>
      <GUID>1742000421</GUID>
      <Text>Wszystkie arktyczne magazyny</Text>
    </Text>
    <Text>
      <GUID>1742000414</GUID>
      <Text>Wszystkie etapy budowy pomnika</Text>
    </Text>
    <Text>
      <GUID>1742000418</GUID>
      <Text>Wszystkie kuchnie i kuchenki</Text>
    </Text>
    <Text>
      <GUID>1742000422</GUID>
      <Text>Wszystkie prace nawozowe i rośliny gnojowe</Text>
    </Text>
  </ModOp>
</ModOps>