<ModOps>
  <ModOp Type="add" Path="/TextExport/Texts">
    <Text>
      <GUID>1500010714</GUID>
      <Text>[AssetData(1010560) Text]</Text>      <!-- 1010560 -->
    </Text>
    <Text>
      <GUID>1500010715</GUID>
      <Text>[AssetData(1010305) Text]</Text>      <!-- 1010305 -->
    </Text>
    <Text>
      <GUID>1500010716</GUID>
      <Text>[AssetData(1010309) Text]</Text>      <!-- 1010309 -->
    </Text>
    <Text>
      <GUID>1500011900</GUID>
      <Text>[AssetData(1010285) Text]</Text>      <!-- 1010285 -->
    </Text>
    <Text>
      <GUID>1500011901</GUID>
      <Text>[AssetData(1010296) Text]</Text>      <!-- 1010296 -->
    </Text>
    <Text>
      <GUID>1500011902</GUID>
      <Text>[AssetData(1010280) Text]</Text>      <!-- 1010280 -->
    </Text>
    <Text>
      <GUID>1500011903</GUID>
      <Text>[AssetData(1010319) Text]</Text>      <!-- 1010319 -->
    </Text>
    <Text>
      <GUID>1500011904</GUID>
      <Text>[AssetData(1010284) Text]</Text>      <!-- 1010284 -->
    </Text>
    <Text>
      <GUID>1500200671</GUID>
      <Text>[AssetData(1010292) Text]</Text>      <!-- 1010292 -->
    </Text>
    <Text>
      <GUID>1500200672</GUID>
      <Text>[AssetData(1010294) Text]</Text>      <!-- 1010294 -->
    </Text>
    <Text>
      <GUID>1500200673</GUID>
      <Text>[AssetData(1010291) Text]</Text>      <!-- 1010291 -->
    </Text>
    <Text>
      <GUID>1500200674</GUID>
      <Text>[AssetData(1010316) Text]</Text>      <!-- 1010316 -->
    </Text>
    <Text>
      <GUID>1500200675</GUID>
      <Text>[AssetData(1010312) Text]</Text>      <!-- 1010312 -->
    </Text>
    <Text>
      <GUID>1500200676</GUID>
      <Text>[AssetData(1010281) Text]</Text>      <!-- 1010281 -->
    </Text>
    <Text>
      <GUID>1500200677</GUID>
      <Text>[AssetData(1010269) Text]</Text>      <!-- 1010269 -->
    </Text>
    <Text>
      <GUID>1500200678</GUID>
      <Text>모든 [AssetData(1010313) Text]</Text>      <!-- 1010313 -->
    </Text>
    <Text>
      <GUID>1500200679</GUID>
      <Text>[AssetData(1010340) Text]</Text>      <!-- 1010340 -->
    </Text>
    <Text>
      <GUID>1500200680</GUID>
      <Text>[AssetData(101252) Text]</Text>      <!-- 101252 -->
    </Text>
    <Text>
      <GUID>1500200682</GUID>
      <Text>[AssetData(1010297) Text]</Text>      <!-- 1010297 -->
    </Text>
    <Text>
      <GUID>1500200685</GUID>
      <Text>[AssetData(934) Text]</Text>      <!-- 934 -->
    </Text>
    <Text>
      <GUID>1500200686</GUID>
      <Text>[AssetData(924) Text]</Text>      <!-- 924 -->
    </Text>
    <Text>
      <GUID>1500200688</GUID>
      <Text>[AssetData(101250) Text]</Text>      <!-- 101250 -->
    </Text>
    <Text>
      <GUID>1500300910</GUID>
      <Text>[AssetData(100780) Text]</Text>      <!-- 100780 -->
    </Text>
    <Text>
      <GUID>1500300911</GUID>
      <Text>모든 노천 광산</Text>      <!-- 191592 -->
    </Text>
    <Text>
      <GUID>1500300912</GUID>
      <Text>모든 점토 사용자</Text>
    </Text>
    <Text>
      <GUID>1500300913</GUID>
      <Text>모든 철강 사용자</Text>
    </Text>
    <Text>
      <GUID>1500300914</GUID>
      <Text>[AssetData(1010320) Text]</Text>      <!-- 1010320 -->
    </Text>
    <Text>
      <GUID>1500300076</GUID>
      <Text>[AssetData(6279) Text]</Text>      <!-- 6279 -->
    </Text>
    <Text>
      <GUID>1999002378</GUID>
      <Text>[AssetData(117743) Text]</Text>      <!-- 117743 -->
    </Text>
    <Text>
      <GUID>2100115823</GUID>
      <Text>[AssetData(5659) Text]</Text>      <!-- 5659 -->
    </Text>
    <Text>
      <GUID>2100115287</GUID>
      <Text>지하철역</Text>
    </Text>
    <Text>
      <GUID>1500300916</GUID>
      <Text>치즈 공장</Text>
    </Text>
    <Text>
      <GUID>1500301937</GUID>
      <Text>비료 생산소</Text>
    </Text>
    <Text>
      <GUID>1500301938</GUID>
      <Text>모든 대농장 숙소</Text>
    </Text>
    <Text>
      <GUID>1500301940</GUID>
      <Text>모든 제련소</Text>
    </Text>
    <Text>
      <GUID>1500301941</GUID>
      <Text>모든 무기 공장</Text>
    </Text>
    <Text>
      <GUID>1500301942</GUID>
      <Text>모든 사냥꾼 건물</Text>
    </Text>
    <Text>
      <GUID>1500301944</GUID>
      <Text>모든 북극 사냥 오두막</Text>
    </Text>
    <Text>
      <GUID>191042</GUID>
      <Text>모든 시추 장비들</Text>
    </Text>
    <Text>
      <GUID>1500301945</GUID>
      <Text>모든 원단 공장</Text>
    </Text>
    <Text>
      <GUID>1500301946</GUID>
      <Text>모든 모터 공장</Text>
    </Text>
    <Text>
      <GUID>1500301947</GUID>
      <Text>모든 리버 빌딩</Text>
    </Text>
    <Text>
      <GUID>1500301948</GUID>
      <Text>모든 파머 레지던스</Text>
    </Text>
    <Text>
      <GUID>1500301949</GUID>
      <Text>모든 작업자 숙소</Text>
    </Text>
    <Text>
      <GUID>1500301950</GUID>
      <Text>모든 아티스타 레지던스</Text>
    </Text>
    <Text>
      <GUID>1500301951</GUID>
      <Text>모든 셰퍼드 레지던스</Text>
    </Text>
    <Text>
      <GUID>1500301952</GUID>
      <Text>A모든 엘더 레지던스</Text>
    </Text>
    <Text>
      <GUID>1500301024</GUID>
      <Text>모든 사료 사일로</Text>
    </Text>
    <Text>
      <GUID>1500301025</GUID>
      <Text>모든 비료 사일로</Text>
    </Text>
    <Text>
      <GUID>1500301026</GUID>
      <Text>모든 광산 모듈</Text>
    </Text>
    <Text>
      <GUID>1500301029</GUID>
      <Text>모든 북극 광산</Text>
    </Text>
    <Text>
      <GUID>2100115704</GUID>
      <Text>소다공장</Text>
    </Text>
    <Text>
      <GUID>1742000199</GUID>
      <Text>모든 우체국 및 우체통</Text>
    </Text>
    <Text>
      <GUID>1742000423</GUID>
      <Text>모든 차 회사</Text>
    </Text>
    <Text>
      <GUID>1742200027</GUID>
      <Text>모든 익스플로러 레지던스</Text>
    </Text>
    <Text>
      <GUID>1742200028</GUID>
      <Text>모든 테크니션 레지던스</Text>
    </Text>
    <Text>
      <GUID>1742200029</GUID>
      <Text>모든 북극 거주지</Text>
    </Text>
    <Text>
      <GUID>1742200030</GUID>
      <Text>모든 북극 가스 광산</Text>
    </Text>
    <Text>
      <GUID>1742200031</GUID>
      <Text>모든 가스 광산</Text>
    </Text>
    <Text>
      <GUID>1742000421</GUID>
      <Text>모든 북극 창고</Text>
    </Text>
    <Text>
      <GUID>1742000414</GUID>
      <Text>모든 기념물 건설 단계</Text>
    </Text>
    <Text>
      <GUID>1742000418</GUID>
      <Text>모든 주방과 요리실</Text>
    </Text>
    <Text>
      <GUID>1742000422</GUID>
      <Text>모든 비료 작업 및 배설물 식물</Text>
    </Text>
  </ModOp>
</ModOps>