{
  "Version": "1.0.0",
  "ModID": "Taludas_DepartmentStoreIconSwap",
  "IncompatibleIds": null,
  "ModDependencies": null,
  "DeprecateIds": [
  ],
  "LoadAfterIds": [
  ],
  "ModioResourceId": null,
  "Category": {
    "Chinese": "Fix",
    "English": "Fix",
    "French": "Fix",
    "German": "Fix",
    "Italian": "Fix",
    "Japanese": "Fix",
    "Korean": "Fix",
    "Polish": "Fix",
    "Russian": "Fix",
    "Spanish": "Fix",
    "Taiwanese": "Fix"
  },
  "ModName": {
    "Chinese": "DepartmentStore Icon Swap (Taludas)",
    "English": "DepartmentStore Icon Swap (Taludas)",
    "French": "DepartmentStore Icon Swap (Taludas)",
    "German": "DepartmentStore Icon Swap (Taludas)",
    "Italian": "DepartmentStore Icon Swap (Taludas)",
    "Japanese": "DepartmentStore Icon Swap (Taludas)",
    "Korean": "DepartmentStore Icon Swap (Taludas)",
    "Polish": "DepartmentStore Icon Swap (Taludas)",
    "Russian": "DepartmentStore Icon Swap (Taludas)",
    "Spanish": "DepartmentStore Icon Swap (Taludas)",
    "Taiwanese": "DepartmentStore Icon Swap (Taludas)"
  },
  "Description": {
    "Chinese": null,
    "English": "Fixes a swapped item icon for two department store items.",
    "French": null,
    "German": "Behebt ein vertauschtes Item-Icon für zwei Kaufhausitems.",
    "Italian": null,
    "Japanese": null,
    "Korean": null,
    "Polish": null,
    "Russian": null,
    "Spanish": null,
    "Taiwanese": null
  },
  "KnownIssues":
  [
    {
      "Chinese": null,
      "English": null,
      "French": null,
      "German": null,
      "Italian": null,
      "Japanese": null,
      "Korean": null,
      "Polish": null,
      "Russian": null,
      "Spanish": null,
      "Taiwanese": null
    }
  ],
  "DLCDependencies": [
    {
			"DLC": "HighLife",
			"Dependant": "required"
		}
  ],
  "CreatorName": "Taludas",
  "CreatorContact": "https://github.com/Taludas/SmallModsCollection",
  "Image": null
}
