<ModOps>
  <!-- Farmers -->
  <Group>
    <ModOp Type="merge" GUID="25000189"
      Path="/Values/ConstructionCategory/BuildingList/Item[Building='1000178' or Building='1010372' or Building='1010343' or Building='1010371' or Building='500091']">
      <Farmer>0</Farmer>
    </ModOp>
    <ModOp Type="merge" GUID="25000189"
      Path="/Values/ConstructionCategory/BuildingList/Item[Building='1010278']">
      <Farmer>50</Farmer>
    </ModOp>
    <ModOp Type="merge" GUID="25000189"
      Path="/Values/ConstructionCategory/BuildingList/Item[Building='500002' or Building='500505']">
      <Farmer>100</Farmer>
    </ModOp>
    <ModOp Type="merge" GUID="25000189"
      Path="/Values/ConstructionCategory/BuildingList/Item[Building='1010463' or Building='1010358']">
      <Farmer>150</Farmer>
    </ModOp>
  </Group>

  <!-- Workers -->
  <Group>
    <ModOp Type="merge" GUID="25000190"
      Path="/Values/ConstructionCategory/BuildingList/Item[Building='1010035' or Building='500024' or Building='25000244' or Building='1010516']">
      <Worker>1</Worker>
    </ModOp>
    <ModOp Type="merge" GUID="25000190"
      Path="/Values/ConstructionCategory/BuildingList/Item[Building='500004' or Building='1010359' or Building='500009' or Building='500952']">
      <Worker>150</Worker>
    </ModOp>
    <ModOp Type="merge" GUID="25000190"
      Path="/Values/ConstructionCategory/BuildingList/Item[Building='500005' or Building='25000220' or Building='500145']">
      <Worker>300</Worker>
    </ModOp>
    <ModOp Type="merge" GUID="25000190"
      Path="/Values/ConstructionCategory/BuildingList/Item[Building='500006' or Building='1010462']">
      <Worker>500</Worker>
    </ModOp>
    <ModOp Type="merge" GUID="25000190"
      Path="/Values/ConstructionCategory/BuildingList/Item[Building='1010360']">
      <Worker>750</Worker>
    </ModOp>
  </Group>

  <!-- Artisans -->
  <Group>
    <ModOp Type="merge" GUID="25000191"
      Path="/Values/ConstructionCategory/BuildingList/Item[Building='500010' or Building='500008' or Building='100415']">
      <Artisan>1</Artisan>
    </ModOp>
    <ModOp Type="merge" GUID="25000191"
      Path="/Values/ConstructionCategory/BuildingList/Item[Building='500003' or Building='1010361' or Building='500953' or Building='7291']">
      <Artisan>250</Artisan>
    </ModOp>
    <ModOp Type="merge" GUID="25000191"
      Path="/Values/ConstructionCategory/BuildingList/Item[Building='500013' or Building='1010470']">
      <Artisan>500</Artisan>
    </ModOp>
    <ModOp Type="merge" GUID="25000191"
      Path="/Values/ConstructionCategory/BuildingList/Item[Building='500019' or Building='1010464']">
      <Artisan>900</Artisan>
    </ModOp>
    <ModOp Type="merge" GUID="25000191"
      Path="/Values/ConstructionCategory/BuildingList/Item[Building='1010362' or Building='1010471']">
      <Artisan>1500</Artisan>
    </ModOp>

    <!-- Post Service is out of place. Unlocking at 500 Artisans. Consumption at 1 Obrero. -->
    <!-- <ModOp Type="merge" GUID="25000191"
      Path="/Values/ConstructionCategory/BuildingList/Item[Building='2015']">
      <Artisan>500</Artisan>
      <Obrero>1</Obrero>
    </ModOp> -->

    <!-- Airship Platform and Drop Goods are out of place. Unlocking at 600 Obreros -->
    <!-- <ModOp Type="merge" GUID="25000191"
      Path="/Values/ConstructionCategory/BuildingList/Item[Building='7286' or Building='2438']">
      <Obrero>600</Obrero>
    </ModOp> -->
  </Group>

  <!-- Tourists -->
  <Group>
    <ModOp Type="merge" GUID="132779"
      Path="/Values/ConstructionCategory/BuildingList/Item[Building='100429']">
      <Artisan>250</Artisan>
      <Tourist>0</Tourist>
    </ModOp>
    <ModOp Type="merge" GUID="132779"
      Path="/Values/ConstructionCategory/BuildingList/Item[Building='601326' or Building='601445']">
      <Tourist>0</Tourist>
    </ModOp>
    <ModOp Type="merge" GUID="132779"
      Path="/Values/ConstructionCategory/BuildingList/Item[Building='132780']">
      <Tourist>250</Tourist>
    </ModOp>
    <ModOp Type="merge" GUID="132779"
      Path="/Values/ConstructionCategory/BuildingList/Item[Building='133496']">
      <Tourist>300</Tourist>
    </ModOp>
    <ModOp Type="merge" GUID="132779"
      Path="/Values/ConstructionCategory/BuildingList/Item[Building='132782']">
      <Tourist>550</Tourist>
    </ModOp>
    <ModOp Type="merge" GUID="132779"
      Path="/Values/ConstructionCategory/BuildingList/Item[Building='137608']">
      <Tourist>850</Tourist>
    </ModOp>
    <ModOp Type="merge" GUID="132779"
      Path="/Values/ConstructionCategory/BuildingList/Item[Building='137607']">
      <Tourist>1250</Tourist>
    </ModOp>
    <ModOp Type="merge" GUID="132779"
      Path="/Values/ConstructionCategory/BuildingList/Item[Building='132781']">
      <Tourist>1500</Tourist>
    </ModOp>
    <ModOp Type="merge" GUID="132779"
      Path="/Values/ConstructionCategory/BuildingList/Item[Building='137609']">
      <Tourist>2000</Tourist>
    </ModOp>
    <!-- inconsistent, so don't mark to keep it always last -->
    <!-- <ModOp Type="merge" GUID="132779"
      Path="/Values/ConstructionCategory/BuildingList/Item[Building='137609']">
      <Tourist>850</Tourist>
    </ModOp> -->
  </Group>

  <!-- Engineers -->
  <Group>
    <ModOp Type="merge" GUID="25000192"
      Path="/Values/ConstructionCategory/BuildingList/Item[Building='500016' or Building='500506' or Building='500901' or Building='500954']">
      <Engineer>1</Engineer>
    </ModOp>
    <ModOp Type="merge" GUID="25000192"
      Path="/Values/ConstructionCategory/BuildingList/Item[Building='500029' or Building='500012' or Building='500023' or Building='269756']">
      <Engineer>500</Engineer>
    </ModOp>
    <ModOp Type="merge" GUID="25000192"
      Path="/Values/ConstructionCategory/BuildingList/Item[Building='500902' or Building='500015' or Building='110935']">
      <Engineer>1000</Engineer>
    </ModOp>
    <ModOp Type="merge" GUID="25000192"
      Path="/Values/ConstructionCategory/BuildingList/Item[Building='500017']">
      <Engineer>1750</Engineer>
    </ModOp>
    <ModOp Type="merge" GUID="25000192"
      Path="/Values/ConstructionCategory/BuildingList/Item[Building='1010365']">
      <Engineer>3000</Engineer>
    </ModOp>

    <!-- High Life Content is unlocked at 5000 Investors -->
    <ModOp Type="merge" GUID="25000192"
      Path="/Values/ConstructionCategory/BuildingList/Item[Building='135100' or Building='137604' or Building='135099' or Building='137600' or Building='137598' or Building='134629']">
      <Investor>5000</Investor>
    </ModOp>
  </Group>

  <!-- Investors -->
  <Group>
    <ModOp Type="merge" GUID="500447"
      Path="/Values/ConstructionCategory/BuildingList/Item[Building='1010489' or Building='7431' or Building='117559' or Building='500434']">
      <Investor>1</Investor>
    </ModOp>
    <ModOp Type="merge" GUID="500447"
      Path="/Values/ConstructionCategory/BuildingList/Item[Building='500018' or Building='1010364']">
      <Investor>750</Investor>
    </ModOp>
    <ModOp Type="merge" GUID="500447"
      Path="/Values/ConstructionCategory/BuildingList/Item[Building='500014' or Building='500022']">
      <Investor>1750</Investor>
    </ModOp>
    <ModOp Type="merge" GUID="500447"
      Path="/Values/ConstructionCategory/BuildingList/Item[Building='500020']">
      <Investor>3000</Investor>
    </ModOp>
    <ModOp Type="merge" GUID="500447"
      Path="/Values/ConstructionCategory/BuildingList/Item[Building='500021' or Building='137602' or Building='135100' or Building='137604' or Building='137606' or Building='137601' or Building='137599' or Building='137603' or Building='135099' or Building='137600' or Building='137597' or Building='137598' or Building='134629' or Building='137596' or Building='403']">
      <Investor>5000</Investor>
    </ModOp>
  </Group>

  <!-- OW City -->
  <Group>
    <ModOp Type="merge" GUID="500092"
      Path="/Values/ConstructionCategory/BuildingList/Item[Building='1000178']">
      <Street/>
      <Farmer>0</Farmer>
    </ModOp>
    <ModOp Type="merge" GUID="500092"
      Path="/Values/ConstructionCategory/BuildingList/Item[Building='1010035']">
      <Street/>
      <Worker>1</Worker>
    </ModOp>
    <ModOp Type="merge" GUID="500092"
      Path="/Values/ConstructionCategory/BuildingList/Item[Building='1010136']">
      <Street/>
      <Engineer>1</Engineer>
    </ModOp>
    <ModOp Type="addPrevSibling" GUID="500092"
      Path="/Values/ConstructionCategory/BuildingList/Item[Building='1010343']">
      <Item>
        <!-- anker, because many still replace 1010343 -->
        <Residence/>
        <Farmer>0</Farmer>
        <PlatformVisibility>Console</PlatformVisibility>
      </Item>
    </ModOp>
    <ModOp Type="merge" GUID="500092"
      Path="/Values/ConstructionCategory/BuildingList/Item[Building='1010343']">
      <Residence/>
      <Farmer>0</Farmer>
    </ModOp>
    <ModOp Type="merge" GUID="500092"
      Path="/Values/ConstructionCategory/BuildingList/Item[Building='601445']">
      <Residence/>
      <Tourist>1</Tourist>
    </ModOp>
    <ModOp Type="merge" GUID="500092"
      Path="/Values/ConstructionCategory/BuildingList/Item[Building='114445']">
      <Residence/>
      <Scholar>1</Scholar>
    </ModOp>
  </Group>

  <!-- OW Consumables -->
  <Group>
    <ModOp Type="merge" GUID="500945"
      Path="/Values/ConstructionCategory/BuildingList/Item[Building='1010278']">
      <Farmer>50</Farmer>
    </ModOp>
    <ModOp Type="merge" GUID="500945"
      Path="/Values/ConstructionCategory/BuildingList/Item[Building='500002' or Building='500505']">
      <Farmer>100</Farmer>
    </ModOp>
    <ModOp Type="merge" GUID="500945"
      Path="/Values/ConstructionCategory/BuildingList/Item[Building='25000244']">
      <Worker>1</Worker>
    </ModOp>
    <ModOp Type="merge" GUID="500945"
      Path="/Values/ConstructionCategory/BuildingList/Item[Building='500004']">
      <Worker>150</Worker>
    </ModOp>
    <ModOp Type="merge" GUID="500945"
      Path="/Values/ConstructionCategory/BuildingList/Item[Building='25000220']">
      <Worker>300</Worker>
    </ModOp>
    <ModOp Type="merge" GUID="500945"
      Path="/Values/ConstructionCategory/BuildingList/Item[Building='500006']">
      <Worker>500</Worker>
    </ModOp>
    <ModOp Type="merge" GUID="500945"
      Path="/Values/ConstructionCategory/BuildingList/Item[Building='500008']">
      <Artisan>1</Artisan>
    </ModOp>
    <ModOp Type="merge" GUID="500945"
      Path="/Values/ConstructionCategory/BuildingList/Item[Building='500003']">
      <Artisan>250</Artisan>
    </ModOp>
    <ModOp Type="merge" GUID="500945"
      Path="/Values/ConstructionCategory/BuildingList/Item[Building='133496']">
      <Tourist>300</Tourist>
    </ModOp>
    <ModOp Type="merge" GUID="500945"
      Path="/Values/ConstructionCategory/BuildingList/Item[Building='137607']">
      <Tourist>1250</Tourist>
    </ModOp>
    <!-- order is wrong?! -->
    <ModOp Type="merge" GUID="500945"
      Path="/Values/ConstructionCategory/BuildingList/Item[Building='137608']">
      <Tourist>1250</Tourist>
      <!-- <Tourist>850</Tourist> -->
    </ModOp>
    <ModOp Type="merge" GUID="500945"
      Path="/Values/ConstructionCategory/BuildingList/Item[Building='137609']">
      <Tourist>2000</Tourist>
    </ModOp>
    <ModOp Type="merge" GUID="500945"
      Path="/Values/ConstructionCategory/BuildingList/Item[Building='500013']">
      <Artisan>500</Artisan>
    </ModOp>
    <ModOp Type="merge" GUID="500945"
      Path="/Values/ConstructionCategory/BuildingList/Item[Building='500019']">
      <Artisan>900</Artisan>
    </ModOp>
    <ModOp Type="merge" GUID="500945"
      Path="/Values/ConstructionCategory/BuildingList/Item[Building='500901']">
      <Engineer>1</Engineer>
    </ModOp>
    <ModOp Type="merge" GUID="500945"
      Path="/Values/ConstructionCategory/BuildingList/Item[Building='500012' or Building='269756']">
      <Engineer>500</Engineer>
    </ModOp>
    <ModOp Type="merge" GUID="500945"
      Path="/Values/ConstructionCategory/BuildingList/Item[Building='500902' or Building='500015']">
      <Engineer>1000</Engineer>
    </ModOp>
    <ModOp Type="merge" GUID="500945"
      Path="/Values/ConstructionCategory/BuildingList/Item[Building='500017']">
      <Engineer>1750</Engineer>
    </ModOp>
    <ModOp Type="merge" GUID="500945"
      Path="/Values/ConstructionCategory/BuildingList/Item[Building='500434']">
      <Investor>1</Investor>
    </ModOp>
    <ModOp Type="merge" GUID="500945"
      Path="/Values/ConstructionCategory/BuildingList/Item[Building='500018']">
      <Investor>750</Investor>
    </ModOp>
    <ModOp Type="merge" GUID="500945"
      Path="/Values/ConstructionCategory/BuildingList/Item[Building='500014' or Building='500022']">
      <Investor>1750</Investor>
    </ModOp>
    <ModOp Type="merge" GUID="500945"
      Path="/Values/ConstructionCategory/BuildingList/Item[Building='500020']">
      <Investor>3000</Investor>
    </ModOp>
    <ModOp Type="merge" GUID="500945"
      Path="/Values/ConstructionCategory/BuildingList/Item[Building='500021' or Building='137602' or Building='137604' or Building='137605' or Building='137606' or Building='137601' or Building='137599' or Building='137603' or Building='137600' or Building='137597' or Building='137598' or Building='137596']">
      <Investor>5000</Investor>
    </ModOp>
    <ModOp Type="merge" GUID="500945"
      Path="/Values/ConstructionCategory/BuildingList/Item[Building='118737']">
      <Scholar>1</Scholar>
    </ModOp>
    <ModOp Type="merge" GUID="500945"
      Path="/Values/ConstructionCategory/BuildingList/Item[Building='118738' or Building='120290']">
      <Scholar>300</Scholar>
    </ModOp>
    <ModOp Type="merge" GUID="500945"
      Path="/Values/ConstructionCategory/BuildingList/Item[Building='120286']">
      <Scholar>1000</Scholar>
    </ModOp>
    <ModOp Type="merge" GUID="500945"
      Path="/Values/ConstructionCategory/BuildingList/Item[Building='120287' or Building='120288']">
      <Scholar>2000</Scholar>
    </ModOp>
    <ModOp Type="merge" GUID="500945"
      Path="/Values/ConstructionCategory/BuildingList/Item[Building='120289' or Building='118739']">
      <Scholar>4000</Scholar>
    </ModOp>
    <!--
      Scholar 1, Research Unlock -> move to last
    -->
    <ModOp Type="merge" GUID="500945"
      Path="/Values/ConstructionCategory/BuildingList/Item[Building='124740' or Building='124741' or Building='124742']">
      <Scholar>4000</Scholar>
    </ModOp>
  </Group>
</ModOps>